0.9,0.5,27.4,98.4,5.0,8.0,17.0,-0.431,-0.032
0.8,0.3,32.9,36.6,8.0,7.0,33.0,4.5,0.19
0.8,0.3,35.1,127.0,0.0,5.0,15.0,-0.92,0.699
0.7,0.2,23.0,149.0,0.0,0.0,22.0,-0.388,0.307
0.7,0.2,17.6,110.0,3.0,8.0,13.0,-0.139,-0.147
0.9,0.4,16.5,81.6,1.0,2.0,33.0,3.03,0.22
0.8,0.3,39.5,121.0,3.0,1.0,26.0,0.405,-0.083
0.9,0.4,15.4,172.0,4.0,3.0,19.0,-0.298,-0.041
0.9,0.5,11.0,25.3,1.0,5.0,10.0,1.05,0.03
1.0,0.6,30.7,115.0,2.0,4.0,25.0,-0.609,-0.018
0.8,0.1,28.5,92.8,7.0,6.0,24.0,-0.306,0.303
0.8,0.5,7.7,104.0,1.0,2.0,11.0,-0.355,-0.025
0.7,0.2,14.3,132.0,8.0,3.0,12.0,-0.177,-0.352
0.9,0.2,36.2,138.0,0.0,2.0,31.0,2.46,0.876
1.0,0.2,38.4,160.0,6.0,6.0,18.0,-0.042,0.006
1.0,0.5,19.8,47.8,7.0,0.0,20.0,4.07,0.079
0.8,0.5,20.9,2.8,8.0,4.0,11.0,1.54,0.043
0.7,0.2,13.2,42.2,6.0,1.0,29.0,-0.458,-0.016
1.0,0.3,18.7,59.1,8.0,6.0,14.0,0.502,0.397
0.6,0.4,24.1,166.0,7.0,3.0,28.0,-0.34,-0.03
0.6,0.5,31.8,53.4,2.0,5.0,21.0,1.36,0.094
0.7,0.6,25.2,143.0,5.0,2.0,16.0,1.42,0.347
0.9,0.1,22.0,64.7,2.0,1.0,15.0,0.329,-0.087
0.8,0.5,8.8,70.3,4.0,0.0,26.0,3.93,0.089
0.9,0.1,9.9,75.9,6.0,6.0,34.0,1.39,0.044
0.6,0.4,6.6,87.2,6.0,4.0,23.0,-0.303,-0.012
0.9,0.3,5.6,155.0,4.0,7.0,30.0,0.517,0.277
0.6,0.4,34.0,8.4,5.0,8.0,18.0,0.886,0.06
0.7,0.4,29.6,177.0,2.0,8.0,29.0,1.16,0.091
0.7,0.6,37.3,30.9,4.0,0.0,27.0,1.59,0.063
0.7,0.3,12.1,14.1,0.0,7.0,22.0,0.525,-0.361
0.8,0.2,26.3,19.7,3.0,4.0,32.0,3.86,0.11
0.8,0.1,30.0,60.0,0.0,0.0,20.0,1.61,0.061
0.6,0.2,25.0,60.0,0.0,0.0,20.0,-0.179,-0.008
1.0,0.2,20.0,0.0,6.0,0.0,15.0,1.62,0.28
0.6,0.1,20.0,180.0,0.0,0.0,10.0,0.81,0.06
1.0,0.2,30.0,60.0,0.0,0.0,25.0,2.14,0.159
0.6,0.1,25.0,60.0,3.0,0.0,25.0,1.45,0.064
1.0,0.2,15.0,150.0,9.0,0.0,15.0,0.448,-0.335
0.8,0.3,20.0,0.0,6.0,0.0,10.0,3.93,0.111
0.6,0.1,25.0,60.0,9.0,0.0,25.0,1.48,0.062
0.8,0.4,25.0,30.0,0.0,6.0,25.0,1.35,0.054
0.6,0.3,15.0,0.0,9.0,0.0,15.0,3.21,0.184
1.0,0.1,20.0,0.0,3.0,6.0,15.0,0.827,0.071
0.9,0.2,20.0,150.0,9.0,9.0,15.0,3.355,0.148
0.9,0.3,20.0,0.0,0.0,9.0,10.0,1.89,0.085
1.0,0.2,30.0,60.0,6.0,0.0,15.0,1.29,0.699
0.6,0.1,20.0,180.0,6.0,6.0,15.0,3.56,0.119
0.8,0.2,20.0,0.0,9.0,0.0,10.0,1.55,0.071
0.6,0.1,25.0,150.0,3.0,0.0,25.0,2.685,0.063
0.9,0.2,20.0,180.0,9.0,6.0,15.0,1.46,0.265
0.6,0.4,25.0,60.0,3.0,0.0,25.0,0.952,0.084
0.8,0.2,35.0,60.0,0.0,0.0,20.0,1.96,0.136
0.8,0.5,25.0,30.0,0.0,6.0,15.0,2.67,0.097
0.8,0.2,20.0,30.0,6.0,0.0,20.0,2.905,0.331
0.8,0.4,20.0,30.0,6.0,0.0,20.0,3.78,0.128
1.0,0.2,30.0,120.0,0.0,3.0,25.0,2.985,0.079
0.6,0.2,25.0,150.0,6.0,6.0,15.0,1.19,0.054
0.6,0.3,20.0,0.0,6.0,0.0,20.0,1.9460000000000002,0.131
0.8,0.5,20.0,0.0,9.0,0.0,10.0,1.4,0.082
1.0,0.1,30.0,30.0,0.0,0.0,35.0,3.04,0.286
1.0,0.3,30.0,30.0,0.0,0.0,15.0,3.07,0.095
0.6,0.2,35.0,60.0,9.0,0.0,25.0,1.52,0.518
0.6,0.3,25.0,90.0,0.0,0.0,20.0,3.46,0.128
0.6,0.4,5.0,120.0,0.0,3.0,25.0,1.51,0.086
0.7,0.3,40.0,30.0,0.0,9.0,25.0,1.74,0.079
0.6,0.3,30.0,120.0,6.0,0.0,30.0,1.31,0.253
0.7,0.3,20.0,0.0,0.0,9.0,20.0,1.58,0.096
0.8,0.2,25.0,180.0,0.0,9.0,25.0,2.9,0.286
0.6,0.3,30.0,30.0,9.0,0.0,15.0,1.858,0.079
0.9,0.4,15.0,30.0,0.0,3.0,15.0,1.89,0.238
1.0,0.3,20.0,150.0,0.0,0.0,15.0,3.32,0.102
0.9,0.5,25.0,120.0,6.0,9.0,20.0,1.11,0.065
0.7,0.5,35.0,30.0,9.0,9.0,15.0,1.69,0.069
0.7,0.2,15.0,120.0,6.0,9.0,10.0,1.23,0.25
0.7,0.6,10.0,0.0,9.0,6.0,20.0,1.81,0.098
0.9,0.3,10.0,60.0,0.0,6.0,30.0,2.065,0.206
0.9,0.2,30.0,180.0,9.0,9.0,15.0,2.94,0.111
0.8,0.2,10.0,180.0,9.0,3.0,20.0,3.2,0.181
0.8,0.1,35.0,180.0,9.0,9.0,15.0,2.89,0.124
0.8,0.5,30.0,90.0,0.0,9.0,10.0,0.768,0.045
0.6,0.4,10.0,120.0,9.0,9.0,10.0,1.61,0.068
1.0,0.1,25.0,120.0,0.0,6.0,30.0,1.28,0.331
0.8,0.4,15.0,60.0,0.0,9.0,15.0,1.77,0.095
0.7,0.6,20.0,90.0,3.0,0.0,30.0,2.63,0.218
0.9,0.4,5.0,0.0,3.0,9.0,10.0,2.86,0.11
0.9,0.5,35.0,0.0,6.0,3.0,35.0,3.805,0.097
0.7,0.5,15.0,30.0,0.0,6.0,10.0,2.75,0.117
1.0,0.3,15.0,0.0,0.0,0.0,10.0,1.11,0.062
1.0,0.3,15.0,90.0,6.0,3.0,15.0,1.54,0.069
0.9,0.1,15.0,0.0,0.0,3.0,30.0,1.459,0.239
0.7,0.4,30.0,120.0,3.0,3.0,30.0,1.63,0.095
0.7,0.5,40.0,60.0,9.0,9.0,15.0,2.5,0.185
0.8,0.4,35.0,180.0,9.0,3.0,25.0,2.77,0.109
0.8,0.1,40.0,120.0,9.0,0.0,20.0,3.55,0.145
0.7,0.5,35.0,30.0,3.0,9.0,25.0,4.48,0.115
1.0,0.1,40.0,120.0,3.0,3.0,20.0,1.46,0.095
0.9,0.6,35.0,120.0,0.0,0.0,20.0,0.807,0.037
0.6,0.2,5.0,0.0,3.0,0.0,20.0,1.23,0.331
0.8,0.5,25.0,0.0,6.0,6.0,25.0,2.11,0.096
0.7,0.4,10.0,180.0,6.0,3.0,15.0,2.38,0.181
0.9,0.4,20.0,90.0,9.0,9.0,20.0,2.57,0.105
0.7,0.3,20.0,60.0,0.0,0.0,10.0,3.235,0.123
0.7,0.4,25.0,150.0,3.0,0.0,10.0,2.81,0.113
0.8,0.4,40.0,90.0,9.0,0.0,10.0,1.27,0.085
0.8,0.1,10.0,30.0,6.0,6.0,10.0,0.786,0.038
1.0,0.5,35.0,120.0,9.0,3.0,25.0,1.563,0.157
0.7,0.6,30.0,150.0,3.0,9.0,15.0,1.78,0.084
0.6,0.4,5.0,30.0,6.0,3.0,25.0,2.31,0.18
0.7,0.3,30.0,0.0,9.0,3.0,15.0,2.54,0.108
0.6,0.2,20.0,120.0,9.0,6.0,30.0,3.24,0.144
0.6,0.2,10.0,120.0,0.0,6.0,30.0,2.73,0.113
0.6,0.6,5.0,180.0,6.0,0.0,15.0,1.24,0.083
0.6,0.4,10.0,30.0,0.0,9.0,35.0,0.795,0.039
0.9,0.6,15.0,0.0,3.0,3.0,20.0,1.98,0.121
1.0,0.3,35.0,30.0,0.0,6.0,35.0,3.155,0.105
0.8,0.6,15.0,120.0,0.0,9.0,30.0,1.549,0.089
0.7,0.4,15.0,150.0,3.0,6.0,20.0,2.46,0.107
0.9,0.4,30.0,90.0,3.0,6.0,15.0,3.01,0.14
0.6,0.2,35.0,30.0,9.0,3.0,10.0,2.59,0.113
0.9,0.3,25.0,0.0,6.0,6.0,10.0,1.508,0.088
1.0,0.2,40.0,90.0,3.0,0.0,30.0,3.334,0.26
0.7,0.4,20.0,120.0,9.0,0.0,35.0,1.86,0.12
0.7,0.1,15.0,30.0,6.0,6.0,35.0,2.84,0.114
0.8,0.5,35.0,30.0,3.0,3.0,15.0,2.085,0.086
1.0,0.2,10.0,150.0,6.0,0.0,10.0,3.335,0.123
0.9,0.4,15.0,150.0,9.0,3.0,35.0,2.91,0.139
0.7,0.6,10.0,180.0,3.0,3.0,30.0,2.48,0.11
0.6,0.3,10.0,150.0,6.0,3.0,15.0,1.5,0.096
0.6,0.6,35.0,60.0,0.0,9.0,30.0,1.41,0.074
0.6,0.4,10.0,30.0,3.0,0.0,35.0,1.81,0.12
1.0,0.1,5.0,120.0,9.0,3.0,10.0,1.718,0.079
0.8,0.5,30.0,0.0,9.0,0.0,10.0,2.7,0.08
1.0,0.6,40.0,30.0,9.0,6.0,15.0,-2.19,-0.031
0.7,0.2,5.0,30.0,0.0,3.0,25.0,2.83,0.139
1.0,0.1,25.0,180.0,6.0,6.0,25.0,2.24,0.073
1.0,0.6,40.0,120.0,0.0,9.0,20.0,1.53,0.091
0.7,0.4,5.0,150.0,9.0,9.0,30.0,1.38,0.074
0.8,0.1,10.0,0.0,3.0,6.0,35.0,2.934,0.099
0.6,0.4,40.0,150.0,3.0,3.0,25.0,2.71,0.113
0.7,0.4,15.0,150.0,9.0,6.0,35.0,1.76,0.076
0.8,0.5,40.0,120.0,0.0,9.0,25.0,-2.12,-0.032
0.6,0.4,5.0,0.0,6.0,9.0,25.0,2.74,0.139
0.6,0.4,10.0,90.0,3.0,6.0,15.0,2.29,0.109
0.6,0.2,10.0,30.0,9.0,0.0,35.0,1.1,0.074
0.7,0.2,30.0,120.0,9.0,6.0,25.0,1.32,0.074
0.7,0.5,40.0,120.0,0.0,0.0,10.0,1.58,0.114
0.6,0.1,30.0,0.0,0.0,9.0,20.0,3.11,0.097
1.0,0.1,25.0,120.0,6.0,6.0,10.0,2.515,0.065
0.7,0.6,5.0,150.0,3.0,6.0,35.0,-1.93,-0.03
0.6,0.6,10.0,90.0,6.0,3.0,15.0,2.61,0.134
1.0,0.2,5.0,0.0,9.0,3.0,10.0,2.22,0.109
1.0,0.6,40.0,150.0,6.0,0.0,15.0,0.827,0.054
1.0,0.6,5.0,30.0,9.0,6.0,35.0,2.04,0.082
0.9,0.5,10.0,120.0,9.0,3.0,35.0,2.285,0.095
0.6,0.2,30.0,90.0,3.0,3.0,25.0,2.53,0.114
0.7,0.2,10.0,30.0,3.0,0.0,15.0,1.68,0.078
0.9,0.2,10.0,0.0,6.0,6.0,20.0,-1.82,-0.029
0.8,0.6,15.0,120.0,9.0,6.0,25.0,2.3,0.109
0.6,0.6,20.0,90.0,6.0,6.0,25.0,1.865,0.09
0.9,0.3,35.0,0.0,3.0,0.0,30.0,4.102,0.117
0.6,0.6,20.0,0.0,9.0,3.0,30.0,2.18,0.087
0.9,0.3,35.0,60.0,6.0,6.0,25.0,2.075,0.223
0.6,0.1,25.0,120.0,0.0,9.0,35.0,2.46,0.114
0.7,0.5,15.0,60.0,0.0,6.0,15.0,1.64,0.076
0.8,0.3,10.0,90.0,9.0,3.0,30.0,-0.155,0.092
0.8,0.1,10.0,120.0,3.0,0.0,15.0,2.26,0.109
0.7,0.5,30.0,90.0,6.0,3.0,20.0,2.0,0.102
0.8,0.2,30.0,180.0,3.0,9.0,30.0,3.05,0.094
0.8,0.2,35.0,150.0,9.0,3.0,20.0,2.1,0.087
0.6,0.5,30.0,90.0,9.0,0.0,25.0,1.7,0.119
0.8,0.3,25.0,150.0,6.0,6.0,10.0,2.39,0.113
0.6,0.3,30.0,30.0,9.0,9.0,15.0,2.354,0.07200000000000001
0.9,0.4,40.0,90.0,6.0,9.0,10.0,-1.61,-0.028
0.9,0.1,5.0,90.0,3.0,0.0,30.0,2.41,0.077
0.9,0.4,20.0,30.0,0.0,0.0,15.0,2.995,0.108
0.9,0.3,5.0,0.0,9.0,3.0,10.0,1.56,0.092
0.9,0.2,25.0,90.0,6.0,0.0,20.0,2.09,0.09
0.9,0.2,15.0,30.0,0.0,0.0,15.0,1.72,0.123
0.7,0.1,30.0,30.0,3.0,6.0,25.0,2.28,0.112
0.6,0.3,10.0,90.0,9.0,3.0,25.0,1.6,0.079
0.8,0.3,30.0,60.0,0.0,6.0,20.0,-1.37,-0.025
1.0,0.1,10.0,150.0,6.0,6.0,10.0,2.11,0.082
0.8,0.4,35.0,30.0,9.0,9.0,30.0,2.38,0.108
0.9,0.4,15.0,90.0,3.0,3.0,15.0,1.49,0.087
0.6,0.2,25.0,180.0,9.0,0.0,30.0,2.07,0.09
1.0,0.3,35.0,0.0,0.0,3.0,10.0,2.08,0.126
0.7,0.6,20.0,90.0,6.0,9.0,20.0,2.16,0.106
0.7,0.4,15.0,60.0,3.0,0.0,15.0,1.58,0.079
0.6,0.6,30.0,90.0,9.0,6.0,25.0,-1.32,-0.025
0.6,0.4,25.0,0.0,0.0,6.0,15.0,2.2,0.11
0.7,0.1,25.0,30.0,0.0,6.0,20.0,2.33,0.109
1.0,0.2,10.0,90.0,9.0,3.0,15.0,2.672,0.081
1.0,0.6,15.0,30.0,9.0,0.0,20.0,2.5,0.081
0.6,0.2,30.0,30.0,9.0,0.0,20.0,2.03,0.127
0.8,0.2,25.0,150.0,0.0,9.0,35.0,2.11,0.106
0.8,0.4,30.0,120.0,9.0,6.0,35.0,1.79,0.083
0.9,0.1,10.0,60.0,0.0,9.0,20.0,-1.3,-0.025
0.9,0.3,40.0,30.0,3.0,9.0,35.0,2.15,0.107
1.0,0.3,40.0,90.0,0.0,6.0,10.0,2.32,0.113
0.9,0.4,20.0,150.0,3.0,6.0,20.0,1.4,0.085
0.7,0.4,40.0,180.0,9.0,6.0,30.0,2.46,0.08
0.7,0.6,15.0,30.0,3.0,0.0,10.0,2.02,0.118
0.9,0.6,15.0,150.0,3.0,6.0,30.0,1.975,0.116
1.0,0.6,25.0,60.0,0.0,9.0,30.0,1.39,0.048
1.0,0.1,35.0,180.0,3.0,9.0,30.0,-1.28,-0.025
0.8,0.6,5.0,30.0,9.0,0.0,35.0,2.51,0.107
1.0,0.5,20.0,60.0,9.0,0.0,20.0,2.4,0.101
0.7,0.4,15.0,120.0,6.0,6.0,10.0,1.36,0.084
0.6,0.1,15.0,60.0,0.0,6.0,15.0,2.505,0.092
0.8,0.4,30.0,30.0,6.0,6.0,25.0,2.16,0.118
0.7,0.5,35.0,90.0,9.0,0.0,30.0,2.03,0.098
0.9,0.4,25.0,180.0,3.0,6.0,10.0,1.32,0.046
0.7,0.5,15.0,90.0,3.0,0.0,35.0,-1.16,-0.024
0.9,0.2,25.0,180.0,3.0,3.0,20.0,2.763,0.077
1.0,0.3,30.0,120.0,0.0,0.0,10.0,2.3,0.1
0.9,0.2,15.0,180.0,9.0,9.0,15.0,1.34,0.083
0.7,0.6,20.0,0.0,3.0,6.0,35.0,2.68,0.087
1.0,0.5,5.0,120.0,3.0,3.0,25.0,2.22,0.11
0.9,0.1,15.0,30.0,0.0,0.0,25.0,3.41,0.101
0.7,0.2,10.0,30.0,0.0,6.0,20.0,1.3,0.046
0.6,0.6,5.0,90.0,0.0,3.0,30.0,-1.09,-0.023
0.9,0.5,35.0,120.0,0.0,0.0,20.0,2.33,0.104
0.6,0.2,20.0,60.0,6.0,9.0,25.0,2.1,0.095
0.7,0.1,30.0,90.0,0.0,9.0,35.0,1.34,0.086
0.8,0.1,40.0,90.0,9.0,6.0,30.0,2.53,0.086
0.9,0.3,15.0,180.0,9.0,6.0,10.0,2.18,0.11
0.7,0.1,15.0,180.0,3.0,6.0,10.0,1.98,0.1
0.9,0.6,40.0,60.0,9.0,6.0,10.0,1.16,0.038
0.6,0.3,5.0,90.0,0.0,9.0,25.0,-1.07,-0.023
0.7,0.6,35.0,90.0,6.0,6.0,20.0,2.2,0.099
1.0,0.5,40.0,150.0,3.0,9.0,10.0,2.31,0.095
0.6,0.1,35.0,120.0,0.0,6.0,20.0,1.31,0.087
1.0,0.5,20.0,180.0,6.0,0.0,10.0,2.34,0.079
0.8,0.4,20.0,180.0,6.0,6.0,15.0,2.12,0.109
0.6,0.2,10.0,0.0,9.0,6.0,30.0,1.94,0.1
0.6,0.6,25.0,150.0,3.0,3.0,35.0,2.685,0.069
0.8,0.2,20.0,90.0,6.0,9.0,15.0,-1.04,-0.022
0.7,0.3,20.0,120.0,0.0,3.0,15.0,2.15,0.098
0.7,0.3,35.0,90.0,6.0,3.0,25.0,2.04,0.097
0.6,0.1,35.0,90.0,9.0,6.0,10.0,1.29,0.087
0.6,0.3,15.0,90.0,0.0,0.0,35.0,2.3,0.079
0.7,0.3,25.0,90.0,9.0,9.0,30.0,2.07,0.11
0.9,0.3,15.0,120.0,3.0,6.0,15.0,1.66,0.117
0.7,0.2,30.0,180.0,9.0,9.0,30.0,1.09,0.037
0.9,0.3,15.0,30.0,9.0,3.0,30.0,-0.931,-0.021
0.6,0.4,30.0,60.0,3.0,0.0,15.0,2.1,0.098
0.8,0.5,30.0,150.0,0.0,6.0,30.0,1.98,0.095
1.0,0.3,5.0,150.0,6.0,0.0,35.0,1.27,0.087
1.0,0.2,10.0,180.0,0.0,0.0,25.0,2.48,0.093
0.8,0.6,35.0,180.0,3.0,6.0,25.0,1.8,0.095
0.8,0.4,40.0,60.0,9.0,0.0,30.0,1.15,0.038
0.7,0.6,5.0,30.0,6.0,6.0,35.0,-0.782,-0.018
0.7,0.3,20.0,30.0,3.0,0.0,25.0,2.11,0.1
0.7,0.4,5.0,180.0,0.0,9.0,20.0,1.95,0.095
0.8,0.5,40.0,30.0,3.0,9.0,25.0,1.51,0.084
0.9,0.3,10.0,0.0,6.0,0.0,20.0,2.29,0.081
0.8,0.5,40.0,60.0,6.0,9.0,25.0,2.13,0.106
0.9,0.1,35.0,0.0,6.0,0.0,30.0,2.04,0.11
0.6,0.1,40.0,0.0,6.0,3.0,15.0,1.12,0.038
0.6,0.4,5.0,90.0,6.0,3.0,35.0,-0.765,-0.017
0.6,0.3,40.0,180.0,0.0,6.0,25.0,2.08,0.1
0.9,0.2,30.0,180.0,3.0,3.0,25.0,2.295,0.097
0.6,0.6,25.0,150.0,6.0,9.0,25.0,1.46,0.082
0.7,0.5,15.0,120.0,9.0,3.0,15.0,2.21,0.079
0.7,0.4,20.0,60.0,9.0,0.0,30.0,2.13,0.108
0.9,0.3,35.0,60.0,6.0,0.0,25.0,2.542,0.0665
0.6,0.6,15.0,180.0,6.0,0.0,25.0,3.47,0.072
1.0,0.4,5.0,120.0,6.0,0.0,25.0,-0.683,-0.016
0.6,0.6,25.0,0.0,3.0,6.0,25.0,2.12,0.099
0.7,0.3,5.0,30.0,6.0,3.0,20.0,1.89,0.096
0.6,0.4,20.0,30.0,9.0,3.0,15.0,1.46,0.083
0.7,0.1,5.0,60.0,9.0,9.0,20.0,2.19,0.079
1.0,0.2,20.0,120.0,9.0,0.0,30.0,3.245,0.091
0.7,0.3,15.0,180.0,6.0,3.0,25.0,2.22,0.12
0.7,0.6,5.0,30.0,3.0,6.0,35.0,1.15,0.04
0.6,0.4,15.0,60.0,6.0,0.0,30.0,-0.646,-0.015
1.0,0.2,10.0,90.0,9.0,9.0,25.0,2.908,0.15
0.7,0.2,35.0,150.0,0.0,9.0,35.0,1.85,0.096
0.7,0.1,35.0,180.0,0.0,3.0,25.0,1.44,0.084
0.7,0.4,5.0,120.0,6.0,3.0,25.0,2.17,0.079
0.6,0.4,10.0,90.0,9.0,3.0,15.0,2.06,0.109
0.6,0.6,10.0,120.0,6.0,6.0,25.0,2.18,0.118
0.7,0.2,35.0,180.0,9.0,3.0,20.0,1.12,0.039
0.9,0.3,20.0,120.0,3.0,9.0,25.0,-0.633,-0.015
0.9,0.6,40.0,60.0,9.0,9.0,15.0,2.08,0.066
0.7,0.2,35.0,90.0,0.0,3.0,10.0,1.81,0.096
0.9,0.4,35.0,180.0,9.0,0.0,20.0,1.41,0.083
0.6,0.2,35.0,150.0,9.0,3.0,30.0,2.13,0.079
0.9,0.4,10.0,0.0,9.0,0.0,10.0,2.12,0.109
0.6,0.6,15.0,60.0,6.0,0.0,25.0,2.16,0.117
0.6,0.4,25.0,120.0,6.0,0.0,35.0,1.1,0.039
0.9,0.4,35.0,180.0,0.0,6.0,35.0,-0.633,-0.015
0.8,0.3,40.0,30.0,9.0,3.0,10.0,3.035,0.101
0.9,0.5,40.0,30.0,0.0,6.0,25.0,2.16,0.091
0.6,0.2,40.0,120.0,9.0,6.0,35.0,1.36,0.083
0.7,0.5,20.0,150.0,0.0,0.0,15.0,2.05,0.077
0.8,0.5,25.0,90.0,3.0,0.0,35.0,2.14,0.11
0.7,0.4,10.0,0.0,0.0,6.0,35.0,2.15,0.117
0.6,0.6,10.0,180.0,6.0,6.0,15.0,1.08,0.039
0.8,0.2,5.0,60.0,6.0,6.0,15.0,-0.621,-0.015
0.9,0.2,5.0,60.0,9.0,9.0,25.0,2.04,0.085
0.7,0.5,40.0,120.0,3.0,3.0,25.0,2.09,0.09
0.6,0.2,35.0,60.0,0.0,9.0,15.0,2.582,0.078
1.0,0.6,25.0,180.0,0.0,3.0,15.0,3.265,0.086
1.0,0.5,30.0,90.0,3.0,6.0,30.0,2.19,0.11
0.7,0.5,20.0,180.0,3.0,0.0,20.0,2.1,0.116
0.6,0.1,20.0,30.0,9.0,6.0,30.0,1.06,0.039
0.8,0.4,25.0,30.0,9.0,0.0,15.0,-0.456,-0.011
0.9,0.2,10.0,150.0,6.0,3.0,10.0,2.02,0.085
0.8,0.3,10.0,30.0,6.0,6.0,30.0,2.0335,0.0875
0.9,0.5,35.0,30.0,6.0,9.0,25.0,1.56,0.079
1.0,0.6,40.0,150.0,3.0,6.0,15.0,3.535,0.088
0.6,0.4,25.0,0.0,3.0,0.0,20.0,2.2,0.111
1.0,0.5,25.0,180.0,0.0,3.0,20.0,5.32,0.125
1.0,0.5,10.0,90.0,3.0,6.0,10.0,1.01,0.036
0.9,0.1,30.0,30.0,3.0,9.0,30.0,-0.448,-0.011
0.6,0.5,25.0,150.0,9.0,3.0,30.0,1.99,0.085
1.0,0.5,40.0,90.0,6.0,0.0,25.0,2.18,0.094
0.7,0.1,35.0,60.0,6.0,9.0,10.0,1.53,0.079
1.0,0.4,15.0,30.0,9.0,3.0,10.0,1.72,0.063
1.0,0.4,15.0,150.0,0.0,0.0,35.0,2.1,0.1
0.7,0.1,30.0,0.0,3.0,3.0,30.0,1.99,0.111
0.8,0.5,15.0,150.0,6.0,9.0,30.0,0.998,0.036
0.7,0.1,25.0,90.0,3.0,9.0,10.0,-0.437,-0.011
0.7,0.4,35.0,60.0,3.0,0.0,20.0,2.01,0.086
0.7,0.2,5.0,180.0,6.0,6.0,10.0,2.16,0.094
0.9,0.3,30.0,0.0,0.0,0.0,30.0,3.05,0.096
0.9,0.5,5.0,90.0,0.0,6.0,25.0,1.77,0.064
1.0,0.5,25.0,90.0,3.0,6.0,10.0,1.93,0.096
0.9,0.1,35.0,180.0,3.0,9.0,20.0,3.255,0.101
0.7,0.1,20.0,150.0,6.0,0.0,30.0,0.987,0.036
0.9,0.2,30.0,120.0,6.0,6.0,35.0,-0.435,-0.012
1.0,0.4,40.0,150.0,0.0,9.0,30.0,1.97,0.087
1.0,0.4,25.0,0.0,6.0,6.0,20.0,2.45,0.098
1.0,0.1,5.0,180.0,0.0,6.0,20.0,1.85,0.092
0.7,0.3,25.0,30.0,9.0,3.0,25.0,1.8,0.067
0.7,0.4,10.0,120.0,6.0,0.0,15.0,1.9,0.095
0.8,0.5,30.0,180.0,6.0,3.0,10.0,1.985,0.108
0.8,0.4,5.0,60.0,6.0,9.0,20.0,1.01,0.037
1.0,0.5,35.0,60.0,6.0,6.0,35.0,0.098,0.003
0.9,0.3,25.0,30.0,9.0,0.0,20.0,2.09,0.091
0.6,0.2,20.0,0.0,3.0,9.0,20.0,2.41,0.098
0.9,0.3,25.0,180.0,6.0,9.0,30.0,2.0869999999999997,0.097
0.9,0.4,25.0,90.0,0.0,6.0,10.0,1.71,0.064
0.9,0.6,5.0,0.0,6.0,0.0,35.0,2.17,0.099
0.7,0.4,40.0,30.0,6.0,3.0,10.0,1.87,0.107
0.7,0.2,5.0,150.0,9.0,0.0,10.0,0.997,0.037
0.8,0.1,5.0,0.0,6.0,9.0,35.0,0.097,0.002
0.9,0.6,20.0,150.0,3.0,3.0,35.0,2.4,0.083
0.8,0.1,5.0,120.0,6.0,0.0,25.0,2.39,0.098
0.7,0.3,40.0,0.0,3.0,0.0,10.0,1.1225,0.065
0.9,0.4,25.0,120.0,3.0,9.0,10.0,1.63,0.062
0.6,0.2,5.0,90.0,3.0,3.0,10.0,2.15,0.099
0.6,0.6,20.0,180.0,0.0,3.0,35.0,1.84,0.106
0.9,0.6,25.0,30.0,3.0,6.0,15.0,-1.08,-0.024
0.8,0.2,35.0,0.0,6.0,9.0,10.0,0.161,0.004
0.8,0.6,5.0,120.0,0.0,9.0,20.0,2.435,0.082
0.8,0.4,25.0,180.0,6.0,9.0,20.0,2.36,0.098
1.0,0.6,25.0,150.0,0.0,0.0,30.0,1.54,0.058
0.9,0.2,15.0,30.0,3.0,6.0,15.0,2.13,0.1
0.7,0.2,20.0,90.0,3.0,6.0,15.0,1.81,0.106
0.6,0.6,15.0,90.0,0.0,6.0,25.0,-1.05,-0.023
0.9,0.1,30.0,90.0,9.0,3.0,20.0,0.2,0.005
0.8,0.5,35.0,150.0,0.0,6.0,10.0,1.94,0.083
0.8,0.5,30.0,180.0,6.0,9.0,25.0,2.31,0.097
1.0,0.6,10.0,0.0,0.0,6.0,30.0,2.46,0.104
0.8,0.4,20.0,150.0,3.0,6.0,25.0,1.52,0.058
1.0,0.1,5.0,180.0,3.0,6.0,25.0,2.12,0.1
0.7,0.1,30.0,180.0,9.0,6.0,35.0,1.78,0.105
0.8,0.5,40.0,120.0,6.0,0.0,35.0,-0.999,-0.023
0.7,0.6,20.0,0.0,0.0,6.0,30.0,2.319,0.045
1.0,0.3,10.0,180.0,6.0,9.0,30.0,1.92,0.083
0.9,0.4,30.0,30.0,9.0,6.0,35.0,2.51,0.102
1.0,0.3,25.0,90.0,6.0,0.0,35.0,2.48,0.107
1.0,0.6,25.0,60.0,6.0,0.0,15.0,1.41,0.047
1.0,0.3,35.0,0.0,3.0,6.0,35.0,2.795,0.074
0.7,0.4,30.0,0.0,6.0,6.0,25.0,1.87,0.108
0.7,0.2,10.0,60.0,6.0,0.0,35.0,-0.986,-0.023
1.0,0.5,15.0,180.0,0.0,6.0,15.0,0.378,0.01
0.9,0.6,30.0,180.0,6.0,9.0,15.0,1.79,0.077
1.0,0.5,20.0,0.0,3.0,3.0,35.0,5.3,0.112
0.7,0.4,35.0,90.0,9.0,6.0,20.0,2.43,0.107
0.9,0.6,40.0,0.0,3.0,0.0,30.0,1.68,0.047
0.7,0.5,5.0,120.0,9.0,0.0,15.0,2.15,0.096
0.7,0.6,30.0,0.0,6.0,3.0,15.0,1.92,0.102
0.8,0.6,5.0,90.0,6.0,6.0,15.0,-0.902,-0.021
0.8,0.5,10.0,90.0,0.0,0.0,35.0,0.435,0.012
1.0,0.2,25.0,180.0,0.0,0.0,20.0,1.78,0.077
0.6,0.6,25.0,120.0,0.0,6.0,35.0,3.68,0.101
0.6,0.4,5.0,180.0,6.0,9.0,35.0,2.765,0.115
0.6,0.2,10.0,30.0,6.0,3.0,30.0,1.67,0.047
1.0,0.1,15.0,120.0,6.0,6.0,20.0,2.215,0.092
0.7,0.6,40.0,120.0,0.0,3.0,35.0,1.87,0.101
0.7,0.6,40.0,0.0,6.0,3.0,30.0,-0.592,-0.013
0.8,0.5,40.0,0.0,9.0,3.0,35.0,0.517,0.013
1.0,0.3,5.0,120.0,6.0,3.0,20.0,1.508,0.109
1.0,0.1,40.0,90.0,3.0,9.0,10.0,2.3,0.169
0.7,0.6,15.0,180.0,9.0,6.0,30.0,2.38,0.106
0.7,0.4,25.0,120.0,3.0,3.0,30.0,1.64,0.047
0.8,0.5,40.0,120.0,3.0,0.0,25.0,2.07,0.095
1.0,0.2,10.0,150.0,0.0,3.0,35.0,1.86,0.101
0.6,0.3,20.0,120.0,0.0,9.0,20.0,-0.591,-0.013
0.8,0.2,20.0,180.0,0.0,3.0,20.0,0.513,0.013
1.0,0.4,15.0,60.0,0.0,9.0,15.0,1.74,0.074
0.9,0.6,15.0,30.0,6.0,0.0,35.0,4.045,0.11
0.6,0.3,35.0,0.0,6.0,3.0,15.0,2.36,0.106
0.6,0.6,15.0,90.0,9.0,0.0,30.0,3.225,0.081
1.0,0.1,30.0,30.0,9.0,0.0,15.0,2.91,0.078
0.8,0.5,40.0,90.0,9.0,9.0,30.0,1.875,0.188
0.6,0.3,30.0,0.0,9.0,3.0,20.0,-0.555,-0.013
1.0,0.1,40.0,120.0,0.0,3.0,30.0,0.675,0.018
0.7,0.4,25.0,0.0,6.0,9.0,15.0,1.8,0.077
0.6,0.1,20.0,30.0,9.0,6.0,25.0,2.97,0.106
0.9,0.2,15.0,0.0,9.0,3.0,25.0,2.665,0.102
0.8,0.4,15.0,30.0,9.0,9.0,10.0,1.63,0.048
0.7,0.2,15.0,120.0,0.0,9.0,20.0,2.12,0.1
0.9,0.4,25.0,120.0,6.0,9.0,30.0,1.84,0.102
0.8,0.2,40.0,60.0,6.0,6.0,25.0,-0.438,-0.01
0.6,0.5,40.0,150.0,0.0,3.0,25.0,0.665,0.018
1.0,0.4,10.0,90.0,9.0,0.0,10.0,1.76,0.075
0.7,0.5,30.0,120.0,3.0,9.0,30.0,2.93,0.106
0.6,0.5,25.0,60.0,0.0,3.0,25.0,2.33,0.107
0.7,0.5,10.0,180.0,0.0,3.0,35.0,1.61,0.048
1.0,0.3,20.0,0.0,9.0,9.0,35.0,2.338,0.116
0.7,0.3,25.0,30.0,3.0,6.0,15.0,1.84,0.104
1.0,0.5,10.0,30.0,9.0,0.0,35.0,-0.127,-0.003
0.6,0.2,35.0,150.0,0.0,3.0,35.0,0.653,0.018
0.9,0.4,30.0,150.0,3.0,3.0,35.0,1.73,0.075
0.7,0.6,20.0,0.0,0.0,6.0,20.0,2.97,0.106
0.7,0.2,15.0,30.0,9.0,9.0,25.0,2.148,0.133
0.6,0.4,15.0,60.0,6.0,3.0,10.0,1.6,0.048
0.6,0.5,25.0,30.0,6.0,0.0,15.0,1.715,0.102
0.8,0.2,5.0,120.0,0.0,6.0,15.0,1.82,0.104
0.8,0.3,30.0,90.0,0.0,9.0,10.0,-0.13,-0.003
1.0,0.3,30.0,60.0,0.0,9.0,15.0,0.988,0.076
1.0,0.2,5.0,180.0,6.0,3.0,20.0,1.72,0.075
0.9,0.3,5.0,120.0,9.0,0.0,15.0,2.94,0.106
0.8,0.3,35.0,180.0,6.0,3.0,25.0,2.28,0.107
1.0,0.5,40.0,120.0,0.0,9.0,20.0,1.53,0.047
1.0,0.2,40.0,90.0,6.0,6.0,10.0,2.15,0.104
0.9,0.4,10.0,60.0,0.0,9.0,35.0,1.87,0.105
0.8,0.1,35.0,60.0,9.0,6.0,20.0,-0.11,-0.003
0.6,0.2,20.0,150.0,0.0,9.0,25.0,0.76,0.021
0.8,0.4,5.0,30.0,3.0,9.0,35.0,1.74,0.076
0.6,0.2,30.0,30.0,6.0,3.0,25.0,3.74,0.108
0.8,0.1,35.0,60.0,3.0,0.0,15.0,2.29,0.109
0.7,0.1,40.0,120.0,3.0,6.0,10.0,1.51,0.047
0.7,0.6,35.0,0.0,3.0,3.0,10.0,2.18,0.101
0.6,0.2,10.0,30.0,0.0,3.0,10.0,1.86,0.105
1.0,0.3,30.0,90.0,6.0,0.0,10.0,-0.104,-0.003
0.9,0.3,20.0,150.0,6.0,0.0,15.0,0.9125,0.038
1.0,0.4,15.0,0.0,9.0,3.0,25.0,1.92,0.082
0.8,0.5,35.0,60.0,9.0,3.0,35.0,2.94,0.106
0.7,0.3,10.0,60.0,6.0,9.0,15.0,2.27,0.109
0.8,0.3,10.0,180.0,3.0,9.0,15.0,1.5,0.047
0.7,0.3,5.0,120.0,6.0,6.0,20.0,2.17,0.101
0.8,0.1,10.0,90.0,0.0,9.0,15.0,1.84,0.105
0.8,0.2,10.0,30.0,9.0,0.0,15.0,-0.094,-0.002
0.7,0.3,20.0,90.0,3.0,3.0,35.0,0.746,0.021
1.0,0.1,35.0,60.0,0.0,0.0,35.0,2.08,0.091
0.6,0.2,15.0,0.0,6.0,6.0,30.0,1.954,0.568
0.8,0.2,20.0,30.0,0.0,3.0,10.0,2.26,0.109
0.9,0.4,35.0,90.0,6.0,9.0,35.0,1.49,0.047
0.6,0.6,10.0,30.0,0.0,9.0,15.0,2.14,0.1
0.6,0.1,40.0,30.0,3.0,0.0,35.0,1.85,0.107
0.8,0.3,10.0,120.0,6.0,3.0,20.0,-0.091,-0.002
0.9,0.4,20.0,150.0,9.0,9.0,15.0,0.714,0.021
1.0,0.1,35.0,180.0,6.0,0.0,15.0,2.445,0.095
0.9,0.1,20.0,0.0,9.0,0.0,15.0,2.9,0.108
1.0,0.6,10.0,180.0,6.0,6.0,30.0,3.12,0.07
0.6,0.3,25.0,120.0,9.0,9.0,25.0,1.48,0.047
0.7,0.3,5.0,150.0,3.0,3.0,20.0,2.12,0.1
1.0,0.1,10.0,60.0,6.0,0.0,35.0,1.83,0.108
1.0,0.4,10.0,180.0,9.0,3.0,35.0,-0.076,-0.002
0.7,0.1,25.0,150.0,3.0,9.0,35.0,0.703,0.02
0.8,0.4,15.0,120.0,3.0,6.0,35.0,2.07,0.093
1.0,0.6,5.0,150.0,3.0,6.0,10.0,3.945,0.101
1.0,0.2,30.0,90.0,6.0,0.0,10.0,2.33,0.108
0.8,0.2,15.0,30.0,0.0,3.0,15.0,1.47,0.048
1.0,0.5,25.0,60.0,3.0,9.0,15.0,2.15,0.096
1.0,0.1,5.0,30.0,3.0,9.0,25.0,1.82,0.108
0.6,0.5,20.0,30.0,3.0,0.0,25.0,-0.04,-0.001
0.9,0.3,30.0,30.0,9.0,6.0,30.0,0.824,0.024
1.0,0.6,30.0,30.0,6.0,9.0,25.0,2.36,0.083
0.8,0.1,40.0,30.0,3.0,6.0,30.0,2.79,0.1
0.8,0.3,30.0,150.0,0.0,6.0,35.0,2.31,0.108
1.0,0.6,5.0,0.0,3.0,6.0,15.0,1.6,0.048
0.9,0.3,5.0,90.0,6.0,6.0,30.0,2.14,0.096
0.7,0.3,25.0,60.0,9.0,3.0,25.0,1.82,0.109
0.8,0.6,15.0,180.0,6.0,0.0,20.0,-0.046,-0.001
1.0,0.5,20.0,60.0,0.0,9.0,25.0,0.712,0.02
0.9,0.2,30.0,180.0,9.0,0.0,10.0,2.34,0.083
1.0,0.2,5.0,120.0,6.0,9.0,25.0,2.78,0.1
0.9,0.4,40.0,120.0,0.0,3.0,15.0,2.26,0.108
0.8,0.6,30.0,90.0,0.0,3.0,15.0,1.53,0.046
1.0,0.3,40.0,150.0,6.0,3.0,20.0,2.12,0.097
1.0,0.3,25.0,150.0,0.0,6.0,15.0,1.79,0.109
0.9,0.4,10.0,60.0,9.0,3.0,35.0,0.038,0.001
0.9,0.4,5.0,180.0,3.0,0.0,10.0,0.705,0.02
0.8,0.3,30.0,180.0,0.0,6.0,15.0,2.33,0.083
1.0,0.3,15.0,120.0,6.0,3.0,20.0,1.455,0.065
0.6,0.2,35.0,60.0,6.0,6.0,10.0,2.345,0.103
0.6,0.4,5.0,120.0,6.0,9.0,10.0,1.52,0.046
0.6,0.5,10.0,150.0,0.0,9.0,20.0,2.1,0.096
0.8,0.2,20.0,90.0,0.0,6.0,35.0,2.195,0.086
0.7,0.6,5.0,150.0,0.0,0.0,25.0,0.065,0.002
0.6,0.3,15.0,150.0,9.0,3.0,30.0,1.505,0.066
0.6,0.1,15.0,120.0,9.0,9.0,30.0,2.882,0.154
0.9,0.6,5.0,0.0,3.0,6.0,30.0,4.254,0.114
0.8,0.4,10.0,150.0,6.0,9.0,20.0,2.21,0.107
1.0,0.3,35.0,0.0,0.0,3.0,25.0,1.7,0.051
0.9,0.6,10.0,180.0,6.0,0.0,10.0,2.03,0.091
1.0,0.3,25.0,90.0,0.0,9.0,25.0,2.3695,0.10200000000000001
1.0,0.6,20.0,90.0,0.0,9.0,25.0,-0.176,-0.004
0.9,0.1,10.0,60.0,3.0,9.0,15.0,0.698,0.02
1.0,0.2,30.0,120.0,9.0,0.0,10.0,2.29,0.083
0.9,0.4,25.0,0.0,6.0,3.0,20.0,4.555,0.098
0.9,0.4,25.0,0.0,0.0,0.0,30.0,2.47,0.115
1.0,0.5,5.0,30.0,6.0,9.0,25.0,1.78,0.052
0.6,0.3,25.0,90.0,6.0,6.0,15.0,2.01,0.091
0.7,0.5,20.0,0.0,9.0,3.0,35.0,1.87,0.114
0.6,0.1,35.0,0.0,9.0,9.0,25.0,-0.182,-0.004
0.6,0.6,30.0,120.0,6.0,0.0,25.0,0.688,0.02
0.9,0.6,20.0,60.0,9.0,3.0,25.0,3.89,0.096
1.0,0.2,5.0,120.0,9.0,6.0,15.0,3.665,0.102
0.9,0.2,40.0,90.0,9.0,9.0,30.0,2.285,0.112
0.8,0.3,35.0,60.0,6.0,9.0,20.0,1.81,0.054
0.9,0.1,20.0,120.0,0.0,6.0,25.0,1.99,0.091
1.0,0.1,20.0,60.0,0.0,9.0,10.0,1.86,0.115
0.9,0.1,10.0,150.0,9.0,0.0,35.0,-0.182,-0.005
0.9,0.1,40.0,60.0,6.0,0.0,35.0,0.831,0.024
0.9,0.5,25.0,30.0,9.0,9.0,15.0,2.38,0.08
0.6,0.6,5.0,180.0,0.0,9.0,15.0,3.355,0.094
1.0,0.4,25.0,30.0,6.0,6.0,35.0,2.48,0.114
0.7,0.6,25.0,0.0,3.0,6.0,20.0,1.87,0.055
0.7,0.3,25.0,180.0,6.0,6.0,20.0,1.98,0.091
0.6,0.4,40.0,180.0,6.0,9.0,15.0,1.85,0.115
0.9,0.2,35.0,30.0,3.0,3.0,35.0,0.043,0.001
0.6,0.2,5.0,0.0,0.0,0.0,20.0,2.424,0.063
0.7,0.6,15.0,120.0,6.0,6.0,10.0,2.32,0.079
0.8,0.5,10.0,120.0,6.0,6.0,20.0,2.88,0.1
0.6,0.5,30.0,0.0,0.0,3.0,15.0,2.5,0.114
0.7,0.4,5.0,180.0,6.0,0.0,20.0,1.85,0.055
0.8,0.3,15.0,30.0,3.0,0.0,15.0,1.968,0.0665
0.6,0.6,5.0,0.0,0.0,0.0,25.0,1.86,0.115
0.9,0.2,35.0,60.0,3.0,6.0,30.0,0.815,0.022
0.8,0.1,5.0,150.0,3.0,9.0,20.0,0.825,0.024
0.8,0.2,15.0,90.0,0.0,6.0,15.0,2.3,0.079
0.7,0.5,35.0,90.0,0.0,9.0,30.0,2.88,0.101
0.9,0.6,15.0,180.0,0.0,3.0,20.0,4.06,0.103
0.8,0.4,20.0,30.0,6.0,0.0,25.0,1.91,0.057
0.8,0.4,10.0,180.0,9.0,6.0,35.0,1.97,0.092
0.7,0.2,35.0,30.0,6.0,3.0,25.0,1.83,0.114
0.6,0.4,30.0,60.0,9.0,9.0,15.0,0.086,0.002
0.8,0.4,10.0,120.0,6.0,0.0,25.0,0.821,0.024
0.9,0.3,30.0,120.0,3.0,3.0,20.0,3.065,0.1
0.8,0.3,30.0,30.0,0.0,3.0,15.0,3.11,0.083
0.9,0.6,10.0,90.0,0.0,6.0,20.0,2.43,0.105
0.7,0.2,40.0,150.0,9.0,6.0,10.0,1.89,0.056
0.7,0.5,5.0,180.0,3.0,3.0,15.0,1.96,0.092
0.6,0.1,10.0,60.0,0.0,9.0,30.0,1.82,0.114
0.8,0.1,15.0,0.0,0.0,0.0,10.0,0.09,0.002
0.9,0.3,20.0,180.0,6.0,0.0,10.0,1.839,0.08299999999999999
0.6,0.4,35.0,30.0,0.0,6.0,35.0,2.91,0.103
0.7,0.3,5.0,90.0,0.0,0.0,20.0,2.42,0.105
0.6,0.1,35.0,0.0,6.0,9.0,30.0,1.86,0.056
0.6,0.6,15.0,90.0,9.0,0.0,20.0,1.93,0.09
0.7,0.6,40.0,150.0,3.0,0.0,20.0,1.78,0.112
0.6,0.2,30.0,60.0,6.0,9.0,30.0,0.099,0.003
0.8,0.1,25.0,30.0,9.0,9.0,30.0,0.806,0.024
0.6,0.1,15.0,180.0,0.0,9.0,10.0,3.215,0.101
0.6,0.5,5.0,60.0,9.0,9.0,25.0,2.89,0.103
0.9,0.3,10.0,60.0,0.0,3.0,30.0,2.41,0.105
0.6,0.1,30.0,90.0,6.0,6.0,25.0,2.03,0.131
0.8,0.4,35.0,150.0,6.0,3.0,15.0,1.9,0.09
1.0,0.5,30.0,60.0,9.0,6.0,25.0,1.21,0.058
0.7,0.5,5.0,30.0,0.0,9.0,20.0,0.132,0.004
0.8,0.4,20.0,60.0,0.0,3.0,25.0,0.863,0.026
1.0,0.4,35.0,30.0,9.0,3.0,35.0,2.5,0.083
0.6,0.2,10.0,30.0,6.0,0.0,25.0,2.87,0.103
1.0,0.6,5.0,90.0,3.0,6.0,10.0,2.4,0.1
0.9,0.1,35.0,60.0,0.0,9.0,25.0,1.9,0.059
0.8,0.5,35.0,120.0,0.0,0.0,20.0,1.86,0.089
0.9,0.2,5.0,60.0,9.0,3.0,25.0,1.2,0.058
0.6,0.1,15.0,0.0,9.0,0.0,10.0,0.133,0.004
0.9,0.4,20.0,150.0,0.0,6.0,20.0,0.845,0.026
1.0,0.3,15.0,90.0,0.0,6.0,35.0,3.714,0.089
0.9,0.3,30.0,60.0,0.0,6.0,10.0,2.85,0.103
0.6,0.2,30.0,30.0,0.0,0.0,10.0,2.8,0.079
1.0,0.2,30.0,120.0,6.0,6.0,10.0,1.88,0.059
0.7,0.4,25.0,0.0,3.0,9.0,10.0,1.88,0.09
0.9,0.4,10.0,150.0,6.0,9.0,25.0,1.2,0.059
0.9,0.3,25.0,0.0,9.0,9.0,25.0,0.255,0.007
1.0,0.4,35.0,150.0,6.0,6.0,25.0,0.835,0.026
0.9,0.5,5.0,60.0,6.0,0.0,20.0,2.06,0.098
0.8,0.4,30.0,0.0,0.0,0.0,10.0,2.85,0.103
1.0,0.2,30.0,180.0,3.0,9.0,10.0,2.5,0.074
1.0,0.2,10.0,30.0,6.0,6.0,35.0,1.88,0.06
0.6,0.1,15.0,60.0,0.0,6.0,30.0,3.438,0.087
0.8,0.4,30.0,60.0,9.0,6.0,15.0,1.24,0.061
1.0,0.6,5.0,0.0,3.0,6.0,35.0,0.443,0.012
1.0,0.5,20.0,60.0,3.0,6.0,20.0,0.797,0.024
0.8,0.5,5.0,60.0,6.0,9.0,10.0,2.49,0.083
0.8,0.5,40.0,30.0,3.0,3.0,10.0,2.82,0.099
0.7,0.6,10.0,90.0,6.0,9.0,25.0,2.36,0.099
0.6,0.4,20.0,120.0,6.0,3.0,25.0,1.86,0.06
0.9,0.6,15.0,30.0,0.0,0.0,25.0,2.04,0.091
0.8,0.1,20.0,120.0,0.0,6.0,10.0,1.4,0.068
0.7,0.1,5.0,0.0,3.0,9.0,30.0,0.441,0.012
1.0,0.1,25.0,120.0,6.0,9.0,15.0,0.794,0.024
0.7,0.6,10.0,0.0,9.0,0.0,30.0,2.53,0.084
0.7,0.2,40.0,60.0,0.0,6.0,20.0,2.82,0.1
1.0,0.5,25.0,30.0,0.0,9.0,30.0,2.53,0.097
0.7,0.4,35.0,30.0,6.0,3.0,20.0,1.89,0.061
0.6,0.2,15.0,30.0,9.0,3.0,10.0,4.617,0.107
0.6,0.5,25.0,0.0,3.0,3.0,20.0,1.25,0.061
0.9,0.5,35.0,180.0,3.0,3.0,15.0,0.413,0.011
0.9,0.6,15.0,150.0,3.0,6.0,20.0,0.742,0.022
0.6,0.3,20.0,180.0,6.0,3.0,20.0,1.012,0.011
0.6,0.3,20.0,30.0,0.0,9.0,35.0,3.075,0.073
0.7,0.3,40.0,30.0,0.0,3.0,25.0,2.57,0.099
0.6,0.5,35.0,150.0,3.0,6.0,20.0,1.88,0.06
0.8,0.6,30.0,180.0,0.0,6.0,35.0,2.0,0.09
0.7,0.2,40.0,120.0,3.0,9.0,30.0,1.23,0.062
0.7,0.4,40.0,150.0,3.0,6.0,30.0,0.409,0.011
0.9,0.4,25.0,0.0,9.0,9.0,15.0,0.893,0.027
1.0,0.4,10.0,0.0,3.0,0.0,15.0,2.58,0.085
0.9,0.2,15.0,60.0,0.0,9.0,15.0,2.79,0.101
1.0,0.5,40.0,120.0,9.0,0.0,25.0,2.54,0.1
0.9,0.6,15.0,30.0,9.0,3.0,35.0,2.02,0.063
0.7,0.6,25.0,30.0,6.0,0.0,15.0,1.97,0.085
1.0,0.5,5.0,120.0,3.0,3.0,30.0,1.29,0.063
0.7,0.6,30.0,30.0,9.0,3.0,10.0,0.472,0.013
0.8,0.6,15.0,0.0,0.0,0.0,30.0,1.03,0.03
0.7,0.4,10.0,150.0,6.0,9.0,30.0,2.56,0.085
0.6,0.5,35.0,150.0,0.0,3.0,25.0,3.485,0.106
1.0,0.6,10.0,180.0,6.0,0.0,10.0,2.47,0.093
0.6,0.6,25.0,60.0,0.0,9.0,20.0,2.01,0.063
0.6,0.2,15.0,0.0,9.0,0.0,20.0,3.785,0.102
0.9,0.3,20.0,60.0,6.0,6.0,20.0,2.075,0.103
0.8,0.2,40.0,120.0,6.0,0.0,15.0,0.478,0.013
0.6,0.2,15.0,150.0,3.0,0.0,25.0,1.03,0.03
0.6,0.1,10.0,150.0,3.0,3.0,10.0,2.55,0.085
1.0,0.4,10.0,30.0,0.0,3.0,20.0,2.82,0.102
0.7,0.6,35.0,120.0,0.0,6.0,35.0,2.44,0.093
0.6,0.4,10.0,180.0,3.0,9.0,15.0,2.0,0.063
0.9,0.3,20.0,60.0,3.0,9.0,20.0,1.96,0.086
0.7,0.3,25.0,0.0,6.0,0.0,30.0,1.35,0.066
1.0,0.6,30.0,0.0,6.0,9.0,30.0,7.4,0.061
0.7,0.5,20.0,180.0,0.0,9.0,35.0,1.02,0.03
0.6,0.6,5.0,120.0,9.0,0.0,20.0,2.53,0.085
0.9,0.5,40.0,30.0,3.0,3.0,10.0,2.68,0.092
0.7,0.2,30.0,0.0,3.0,3.0,15.0,2.44,0.093
0.7,0.3,20.0,180.0,3.0,6.0,20.0,1.99,0.063
0.6,0.4,15.0,150.0,9.0,6.0,30.0,1.95,0.086
0.8,0.4,30.0,150.0,9.0,9.0,20.0,1.33,0.066
0.8,0.1,10.0,90.0,6.0,0.0,10.0,0.876,0.021
0.7,0.2,5.0,90.0,0.0,3.0,35.0,1.01,0.03
0.9,0.5,15.0,150.0,6.0,6.0,25.0,2.5,0.084
1.0,0.2,20.0,90.0,3.0,6.0,20.0,2.37,0.085
0.7,0.2,40.0,60.0,6.0,6.0,10.0,2.42,0.094
0.7,0.3,10.0,180.0,6.0,3.0,20.0,1.98,0.063
1.0,0.6,10.0,0.0,6.0,6.0,15.0,2.915,0.078
0.9,0.6,20.0,180.0,3.0,3.0,30.0,1.31,0.064
0.9,0.4,20.0,60.0,6.0,9.0,20.0,0.913,0.022
0.7,0.1,10.0,30.0,0.0,3.0,10.0,1.01,0.03
0.6,0.2,15.0,0.0,3.0,9.0,35.0,2.48,0.084
0.8,0.5,35.0,150.0,9.0,0.0,20.0,3.46,0.077
0.6,0.1,40.0,90.0,9.0,3.0,20.0,2.4,0.094
1.0,0.4,35.0,120.0,9.0,3.0,25.0,2.12,0.077
0.9,0.6,5.0,90.0,9.0,6.0,10.0,2.79,0.057
0.9,0.6,30.0,180.0,6.0,6.0,25.0,1.27,0.062
0.6,0.5,40.0,0.0,3.0,9.0,30.0,0.93,0.023
0.9,0.2,20.0,150.0,3.0,3.0,25.0,1.0,0.03
0.9,0.4,30.0,0.0,0.0,6.0,35.0,2.6,0.086
0.9,0.5,35.0,120.0,9.0,9.0,25.0,2.943,0.089
0.9,0.3,5.0,120.0,9.0,0.0,30.0,2.39,0.093
0.6,0.2,35.0,60.0,0.0,0.0,25.0,3.685,0.09
0.6,0.4,25.0,0.0,9.0,3.0,35.0,1.93,0.07
0.8,0.3,5.0,180.0,0.0,6.0,10.0,1.26,0.062
0.9,0.1,15.0,90.0,9.0,9.0,35.0,0.926,0.023
1.0,0.5,30.0,150.0,0.0,0.0,30.0,0.972,0.029
1.0,0.2,20.0,150.0,6.0,3.0,20.0,3.805,0.091
0.6,0.4,40.0,150.0,9.0,9.0,35.0,2.58,0.092
0.9,0.1,5.0,30.0,6.0,9.0,15.0,3.02,0.091
0.6,0.2,30.0,0.0,9.0,3.0,25.0,1.94,0.063
0.8,0.1,15.0,0.0,6.0,0.0,25.0,1.92,0.071
0.7,0.3,25.0,120.0,6.0,3.0,15.0,1.25,0.062
0.6,0.2,40.0,60.0,9.0,0.0,25.0,0.936,0.023
0.9,0.2,25.0,60.0,6.0,9.0,20.0,0.992,0.03
0.9,0.6,20.0,180.0,6.0,3.0,20.0,2.618,0.068
1.0,0.5,15.0,0.0,0.0,0.0,30.0,2.74,0.094
1.0,0.2,35.0,150.0,3.0,3.0,35.0,3.01,0.097
0.8,0.6,35.0,120.0,0.0,3.0,30.0,1.91,0.063
0.8,0.6,35.0,60.0,3.0,3.0,25.0,1.95,0.07
0.8,0.6,15.0,0.0,9.0,0.0,20.0,1.35,0.064
1.0,0.4,20.0,150.0,0.0,6.0,35.0,0.927,0.023
0.8,0.6,10.0,120.0,3.0,9.0,30.0,1.01,0.031
0.6,0.2,10.0,0.0,3.0,0.0,20.0,3.345,0.093
0.7,0.2,25.0,30.0,6.0,9.0,20.0,2.72,0.094
1.0,0.4,25.0,120.0,3.0,6.0,10.0,2.31,0.093
0.7,0.4,35.0,30.0,9.0,9.0,30.0,1.97,0.065
0.9,0.5,5.0,180.0,6.0,6.0,30.0,1.91,0.109
0.7,0.3,10.0,90.0,0.0,3.0,30.0,1.34,0.064
0.8,0.3,40.0,120.0,6.0,9.0,10.0,1.849,0.051
0.8,0.6,30.0,120.0,3.0,0.0,35.0,1.0,0.031
1.0,0.2,15.0,60.0,6.0,6.0,25.0,2.51,0.084
0.7,0.5,25.0,180.0,9.0,3.0,15.0,2.69,0.094
0.8,0.1,5.0,0.0,3.0,9.0,10.0,2.3,0.093
0.7,0.5,25.0,120.0,9.0,6.0,30.0,1.95,0.065
0.9,0.2,40.0,150.0,3.0,9.0,35.0,1.95,0.071
0.9,0.1,10.0,150.0,9.0,9.0,30.0,3.388,0.096
1.0,0.4,30.0,150.0,9.0,0.0,15.0,0.891,0.023
1.0,0.2,10.0,150.0,3.0,9.0,10.0,3.109,0.064
0.8,0.6,40.0,150.0,0.0,6.0,30.0,2.47,0.084
0.7,0.4,30.0,60.0,6.0,3.0,10.0,2.68,0.094
0.8,0.2,20.0,30.0,3.0,9.0,10.0,2.28,0.093
1.0,0.6,35.0,30.0,9.0,3.0,15.0,2.475,0.054
1.0,0.1,35.0,90.0,3.0,3.0,25.0,2.0,0.073
1.0,0.2,35.0,0.0,3.0,3.0,35.0,3.645,0.125
0.9,0.6,35.0,120.0,0.0,0.0,25.0,0.86,0.022
1.0,0.5,40.0,90.0,9.0,6.0,20.0,1.04,0.032
0.7,0.6,35.0,120.0,3.0,9.0,25.0,2.44,0.083
0.6,0.4,10.0,0.0,9.0,3.0,20.0,2.67,0.094
0.7,0.6,40.0,60.0,9.0,0.0,20.0,2.24,0.09
0.7,0.4,10.0,60.0,9.0,3.0,25.0,2.15,0.064
0.9,0.4,15.0,0.0,3.0,6.0,15.0,2.02,0.074
0.7,0.2,20.0,0.0,3.0,6.0,15.0,1.56,0.074
0.7,0.1,35.0,150.0,6.0,6.0,25.0,0.848,0.022
1.0,0.6,20.0,120.0,0.0,3.0,35.0,1.03,0.032
0.9,0.3,10.0,60.0,0.0,0.0,35.0,2.9,0.096
0.6,0.4,30.0,120.0,0.0,6.0,15.0,2.64,0.094
0.8,0.2,5.0,0.0,3.0,9.0,25.0,2.89,0.085
1.0,0.5,15.0,180.0,0.0,9.0,10.0,2.11,0.063
0.9,0.4,5.0,60.0,6.0,9.0,25.0,2.03,0.075
0.9,0.1,10.0,180.0,6.0,0.0,15.0,1.56,0.074
1.0,0.3,15.0,180.0,3.0,9.0,35.0,2.083,0.042
0.9,0.3,10.0,30.0,3.0,3.0,35.0,1.06,0.033
1.0,0.4,30.0,90.0,3.0,9.0,15.0,2.42,0.084
0.9,0.3,25.0,90.0,9.0,9.0,20.0,2.62,0.094
0.8,0.2,10.0,150.0,6.0,9.0,20.0,2.22,0.09
0.9,0.4,5.0,60.0,0.0,3.0,20.0,2.11,0.063
0.6,0.6,35.0,60.0,6.0,6.0,25.0,3.03,0.086
0.6,0.1,10.0,60.0,3.0,3.0,10.0,1.55,0.074
0.9,0.4,35.0,90.0,9.0,6.0,20.0,0.871,0.023
1.0,0.3,40.0,120.0,6.0,6.0,25.0,1.06,0.034
0.7,0.2,5.0,0.0,0.0,0.0,15.0,2.41,0.084
0.8,0.3,15.0,120.0,3.0,9.0,35.0,2.61,0.094
0.8,0.6,5.0,150.0,0.0,6.0,20.0,2.975,0.093
0.6,0.1,35.0,90.0,3.0,0.0,15.0,2.1,0.064
0.7,0.6,30.0,60.0,0.0,3.0,35.0,2.03,0.074
0.8,0.3,20.0,150.0,3.0,6.0,20.0,1.5334999999999999,0.0915
0.9,0.1,40.0,90.0,3.0,6.0,15.0,0.892,0.024
1.0,0.2,5.0,150.0,6.0,3.0,15.0,1.05,0.034
0.7,0.2,40.0,30.0,3.0,3.0,15.0,2.4,0.084
1.0,0.1,5.0,90.0,6.0,6.0,10.0,2.6,0.094
0.9,0.1,30.0,180.0,0.0,9.0,20.0,2.765,0.07
1.0,0.2,40.0,0.0,3.0,3.0,20.0,2.19,0.066
0.9,0.1,25.0,150.0,3.0,0.0,20.0,2.572,0.087
0.7,0.6,5.0,180.0,0.0,3.0,25.0,1.55,0.074
0.8,0.4,25.0,120.0,3.0,9.0,35.0,0.886,0.024
0.9,0.1,30.0,0.0,6.0,9.0,35.0,1.03,0.033
1.0,0.5,25.0,150.0,3.0,9.0,20.0,2.34,0.083
0.8,0.6,5.0,90.0,3.0,6.0,15.0,2.61,0.093
0.8,0.4,10.0,90.0,6.0,9.0,25.0,2.19,0.089
0.8,0.1,35.0,120.0,3.0,9.0,10.0,2.18,0.066
0.7,0.6,30.0,180.0,6.0,0.0,10.0,1.98,0.073
0.7,0.4,15.0,150.0,6.0,6.0,10.0,1.54,0.074
0.9,0.4,25.0,90.0,0.0,0.0,30.0,0.915,0.025
0.7,0.1,15.0,30.0,3.0,6.0,25.0,1.03,0.033
0.6,0.5,5.0,60.0,9.0,6.0,10.0,2.33,0.083
0.7,0.4,15.0,120.0,3.0,0.0,25.0,2.59,0.093
0.6,0.4,20.0,30.0,9.0,9.0,30.0,2.17,0.089
0.9,0.5,5.0,60.0,3.0,0.0,10.0,2.16,0.066
0.6,0.1,30.0,30.0,6.0,3.0,15.0,1.97,0.073
0.9,0.2,15.0,150.0,0.0,0.0,35.0,1.53,0.074
0.9,0.1,30.0,0.0,0.0,6.0,30.0,1.825,0.038
0.9,0.1,25.0,90.0,9.0,3.0,30.0,1.02,0.033
1.0,0.1,40.0,60.0,9.0,9.0,25.0,2.33,0.084
1.0,0.4,10.0,60.0,0.0,9.0,30.0,2.62,0.094
0.6,0.1,15.0,120.0,9.0,3.0,30.0,2.855,0.093
0.8,0.4,25.0,0.0,3.0,0.0,30.0,2.25,0.068
0.6,0.6,25.0,180.0,6.0,6.0,20.0,1.95,0.073
0.8,0.2,15.0,60.0,0.0,3.0,10.0,1.52,0.074
0.8,0.3,40.0,90.0,3.0,0.0,25.0,2.275,0.065
0.7,0.3,30.0,180.0,0.0,6.0,35.0,1.01,0.033
0.8,0.3,40.0,120.0,9.0,6.0,15.0,2.015,0.143
0.8,0.3,40.0,30.0,9.0,9.0,25.0,3.46,0.088
0.9,0.3,35.0,0.0,0.0,0.0,10.0,1.9905,0.077
0.6,0.2,25.0,180.0,9.0,6.0,35.0,2.24,0.068
0.6,0.4,10.0,120.0,0.0,6.0,25.0,1.94,0.073
1.0,0.3,20.0,90.0,0.0,3.0,30.0,1.53,0.076
1.0,0.4,5.0,0.0,0.0,3.0,35.0,1.04,0.029
0.6,0.4,20.0,0.0,3.0,3.0,30.0,1.03,0.034
1.0,0.6,35.0,180.0,0.0,9.0,20.0,3.175,0.085
1.0,0.5,5.0,180.0,6.0,3.0,20.0,2.67,0.095
0.8,0.4,10.0,90.0,3.0,6.0,35.0,2.2,0.09
1.0,0.1,25.0,90.0,0.0,9.0,20.0,2.24,0.069
0.7,0.2,35.0,180.0,6.0,6.0,25.0,1.92,0.073
0.7,0.2,25.0,120.0,0.0,6.0,25.0,1.52,0.076
1.0,0.4,30.0,30.0,0.0,6.0,30.0,1.19,0.032
0.9,0.3,25.0,60.0,0.0,3.0,35.0,1.1,0.036
0.8,0.2,10.0,90.0,6.0,9.0,15.0,2.23,0.081
0.8,0.6,35.0,150.0,0.0,9.0,15.0,2.62,0.094
0.6,0.2,25.0,180.0,3.0,6.0,10.0,2.19,0.09
0.8,0.5,40.0,60.0,0.0,9.0,15.0,2.21,0.068
0.8,0.3,5.0,0.0,0.0,0.0,15.0,1.92,0.073
0.9,0.1,35.0,60.0,9.0,6.0,35.0,2.28,0.086
0.6,0.6,25.0,120.0,9.0,9.0,25.0,1.17,0.032
0.7,0.6,15.0,90.0,3.0,3.0,20.0,1.09,0.036
0.9,0.2,20.0,30.0,6.0,9.0,20.0,2.21,0.081
0.8,0.6,5.0,120.0,0.0,9.0,25.0,2.62,0.093
0.6,0.6,10.0,150.0,0.0,6.0,20.0,2.17,0.09
0.8,0.2,30.0,30.0,3.0,6.0,25.0,2.21,0.068
1.0,0.6,35.0,150.0,9.0,9.0,20.0,1.85,0.07
1.0,0.6,20.0,120.0,9.0,6.0,15.0,1.2,0.057
0.6,0.4,30.0,90.0,0.0,6.0,20.0,1.16,0.032
1.0,0.2,20.0,150.0,0.0,6.0,15.0,1.08,0.036
0.9,0.6,5.0,120.0,3.0,6.0,10.0,2.025,0.08
0.9,0.2,15.0,180.0,3.0,9.0,30.0,2.61,0.093
0.8,0.6,20.0,60.0,6.0,3.0,35.0,2.24,0.091
0.7,0.3,5.0,150.0,6.0,3.0,35.0,2.2,0.068
1.0,0.4,40.0,120.0,6.0,0.0,35.0,1.87,0.072
0.6,0.2,20.0,30.0,3.0,0.0,10.0,1.2,0.057
0.7,0.2,10.0,150.0,6.0,3.0,25.0,1.16,0.032
0.7,0.4,35.0,0.0,3.0,9.0,25.0,1.11,0.037
0.6,0.6,5.0,150.0,0.0,9.0,20.0,2.11,0.075
1.0,0.4,40.0,90.0,9.0,9.0,20.0,2.465,0.097
0.9,0.6,35.0,60.0,0.0,9.0,15.0,2.23,0.087
0.8,0.1,40.0,0.0,9.0,6.0,35.0,2.16,0.068
0.7,0.2,15.0,60.0,0.0,0.0,35.0,1.86,0.072
0.8,0.1,25.0,150.0,3.0,9.0,30.0,1.19,0.057
0.8,0.2,20.0,0.0,6.0,3.0,35.0,1.17,0.033
0.9,0.1,5.0,60.0,0.0,0.0,10.0,1.11,0.037
0.7,0.6,25.0,90.0,3.0,0.0,20.0,2.08,0.074
1.0,0.4,40.0,180.0,0.0,6.0,25.0,2.6,0.094
0.8,0.6,35.0,30.0,3.0,6.0,20.0,2.37,0.089
1.0,0.5,35.0,90.0,9.0,3.0,35.0,2.22,0.069
0.8,0.4,30.0,0.0,0.0,0.0,35.0,1.98,0.076
1.0,0.6,15.0,120.0,6.0,0.0,35.0,1.2,0.055
1.0,0.1,30.0,180.0,9.0,9.0,35.0,1.16,0.033
0.7,0.2,20.0,120.0,0.0,3.0,20.0,1.1,0.037
0.8,0.2,40.0,120.0,0.0,9.0,15.0,6.585,0.09
1.0,0.5,40.0,60.0,3.0,0.0,25.0,2.67,0.092
0.6,0.2,10.0,90.0,6.0,3.0,30.0,2.36,0.089
0.8,0.5,25.0,60.0,0.0,0.0,30.0,2.25,0.07
0.8,0.2,15.0,180.0,9.0,9.0,10.0,1.98,0.076
1.0,0.1,30.0,30.0,3.0,3.0,20.0,1.26,0.059
1.0,0.2,30.0,0.0,9.0,6.0,35.0,1.19,0.034
0.8,0.1,25.0,150.0,3.0,3.0,10.0,1.09,0.037
0.7,0.4,5.0,150.0,0.0,6.0,35.0,2.06,0.075
0.7,0.6,25.0,90.0,0.0,0.0,20.0,2.64,0.091
0.8,0.3,35.0,0.0,3.0,6.0,25.0,2.36,0.089
0.6,0.6,20.0,120.0,9.0,6.0,20.0,2.23,0.07
0.6,0.3,10.0,120.0,6.0,9.0,35.0,1.97,0.076
1.0,0.6,20.0,180.0,3.0,3.0,20.0,1.2,0.055
0.9,0.1,15.0,0.0,9.0,0.0,15.0,2.21,0.05
1.0,0.1,20.0,90.0,0.0,9.0,10.0,1.09,0.037
0.7,0.1,10.0,150.0,3.0,0.0,35.0,2.05,0.075
1.0,0.1,40.0,90.0,9.0,3.0,25.0,-8.035,0.004
1.0,0.5,40.0,0.0,3.0,6.0,35.0,2.66,0.09
1.0,0.4,35.0,90.0,9.0,6.0,15.0,2.21,0.07
0.9,0.5,15.0,180.0,6.0,6.0,15.0,1.202,0.056
0.8,0.2,35.0,30.0,0.0,9.0,35.0,1.28,0.059
1.0,0.4,25.0,30.0,0.0,9.0,10.0,1.22,0.034
0.9,0.2,10.0,60.0,9.0,3.0,20.0,2.32,0.216
0.6,0.6,25.0,60.0,9.0,3.0,20.0,2.05,0.075
0.7,0.4,30.0,0.0,3.0,6.0,35.0,2.64,0.093
0.6,0.6,25.0,30.0,9.0,0.0,25.0,2.68,0.091
0.7,0.2,40.0,60.0,3.0,0.0,35.0,2.22,0.071
0.9,0.1,25.0,90.0,0.0,9.0,35.0,1.95,0.076
0.6,0.6,30.0,180.0,0.0,0.0,35.0,1.27,0.059
0.9,0.5,20.0,180.0,9.0,9.0,25.0,1.21,0.034
1.0,0.5,10.0,0.0,0.0,6.0,30.0,1.23,0.041
0.7,0.4,35.0,90.0,6.0,0.0,35.0,2.05,0.076
0.6,0.2,15.0,120.0,3.0,6.0,15.0,3.14,0.108
1.0,0.4,40.0,150.0,9.0,9.0,30.0,2.66,0.091
0.7,0.3,20.0,30.0,9.0,0.0,30.0,2.22,0.071
1.0,0.3,5.0,180.0,6.0,0.0,25.0,1.94,0.076
0.7,0.2,30.0,150.0,0.0,3.0,25.0,1.26,0.059
0.8,0.2,20.0,180.0,3.0,6.0,15.0,1.21,0.034
1.0,0.3,5.0,120.0,6.0,0.0,35.0,1.22,0.041
0.8,0.4,35.0,90.0,9.0,6.0,25.0,2.04,0.076
1.0,0.4,10.0,150.0,6.0,9.0,25.0,2.62,0.093
0.7,0.5,40.0,90.0,3.0,6.0,20.0,2.64,0.091
0.8,0.2,10.0,90.0,9.0,9.0,10.0,2.21,0.071
0.8,0.1,40.0,120.0,0.0,3.0,10.0,1.93,0.076
1.0,0.6,15.0,30.0,0.0,9.0,25.0,1.39,0.059
0.6,0.4,35.0,60.0,9.0,9.0,35.0,1.2,0.034
0.7,0.2,30.0,0.0,0.0,9.0,25.0,1.25,0.042
0.7,0.1,40.0,120.0,6.0,9.0,10.0,2.03,0.076
0.7,0.1,15.0,60.0,0.0,6.0,10.0,2.61,0.093
0.9,0.2,35.0,90.0,9.0,0.0,25.0,2.66,0.093
1.0,0.4,10.0,0.0,9.0,6.0,35.0,2.24,0.072
1.0,0.4,15.0,150.0,6.0,0.0,30.0,1.92,0.076
0.7,0.5,25.0,150.0,9.0,6.0,20.0,1.37,0.059
1.0,0.3,40.0,120.0,3.0,3.0,30.0,1.21,0.035
1.0,0.5,20.0,60.0,9.0,3.0,20.0,2.235,0.069
0.8,0.1,10.0,120.0,9.0,6.0,15.0,2.02,0.076
0.6,0.6,10.0,0.0,9.0,6.0,35.0,2.61,0.093
0.8,0.1,15.0,0.0,9.0,9.0,25.0,2.64,0.093
0.7,0.3,20.0,60.0,0.0,0.0,35.0,2.24,0.073
0.6,0.3,15.0,30.0,6.0,6.0,20.0,3.017,0.061
0.9,0.2,20.0,90.0,9.0,6.0,20.0,1.37,0.059
0.9,0.3,40.0,90.0,9.0,3.0,35.0,1.655,0.082
1.0,0.5,15.0,150.0,9.0,6.0,20.0,1.26,0.042
1.0,0.5,5.0,0.0,0.0,6.0,20.0,2.26,0.09
0.6,0.4,20.0,0.0,0.0,9.0,10.0,2.6,0.093
1.0,0.3,25.0,90.0,9.0,6.0,25.0,2.63,0.093
0.9,0.6,30.0,0.0,3.0,9.0,10.0,2.885,0.055
0.9,0.1,5.0,30.0,6.0,6.0,25.0,1.9,0.076
1.0,0.6,35.0,150.0,0.0,0.0,15.0,1.29,0.056
0.9,0.3,10.0,60.0,9.0,9.0,10.0,1.23,0.036
0.7,0.2,10.0,30.0,9.0,9.0,15.0,1.26,0.042
0.7,0.6,40.0,120.0,3.0,0.0,10.0,2.05,0.076
0.6,0.3,10.0,30.0,0.0,9.0,30.0,2.59,0.093
0.9,0.1,15.0,150.0,0.0,6.0,20.0,2.62,0.093
0.7,0.2,15.0,0.0,9.0,6.0,30.0,2.28,0.071
1.0,0.4,30.0,0.0,0.0,6.0,20.0,2.04,0.079
0.9,0.3,40.0,90.0,9.0,0.0,15.0,1.3,0.057
0.8,0.1,30.0,0.0,9.0,9.0,25.0,1.22,0.036
0.8,0.5,25.0,30.0,0.0,3.0,10.0,1.27,0.042
0.7,0.2,15.0,0.0,9.0,6.0,15.0,2.04,0.076
0.7,0.1,15.0,120.0,3.0,0.0,10.0,2.58,0.093
1.0,0.6,30.0,60.0,3.0,9.0,35.0,3.695,0.086
0.9,0.6,40.0,60.0,3.0,3.0,30.0,2.38,0.073
0.8,0.4,15.0,30.0,9.0,0.0,25.0,2.06,0.08
1.0,0.1,10.0,60.0,6.0,9.0,25.0,1.29,0.057
0.9,0.5,40.0,180.0,3.0,9.0,30.0,1.21,0.036
0.7,0.3,30.0,180.0,3.0,9.0,35.0,1.27,0.042
0.7,0.6,5.0,90.0,3.0,6.0,25.0,2.05,0.076
0.8,0.5,35.0,180.0,9.0,6.0,15.0,2.81,0.119
1.0,0.6,20.0,90.0,3.0,3.0,30.0,2.67,0.086
0.6,0.3,35.0,60.0,6.0,3.0,30.0,2.37,0.073
0.7,0.4,35.0,60.0,6.0,9.0,30.0,2.1,0.082
0.9,0.5,30.0,0.0,9.0,0.0,15.0,1.39,0.058
1.0,0.6,25.0,90.0,6.0,0.0,30.0,1.24,0.036
0.8,0.2,30.0,0.0,9.0,0.0,15.0,1.3,0.043
0.9,0.2,25.0,120.0,0.0,9.0,25.0,2.04,0.077
0.6,0.6,10.0,0.0,3.0,3.0,25.0,3.695,0.099
0.8,0.6,5.0,0.0,3.0,9.0,30.0,2.72,0.087
1.0,0.4,25.0,180.0,3.0,9.0,35.0,2.36,0.073
0.9,0.5,20.0,120.0,9.0,9.0,20.0,2.04,0.08
0.8,0.1,25.0,180.0,3.0,6.0,25.0,1.38,0.058
0.6,0.4,5.0,90.0,3.0,0.0,35.0,1.23,0.036
0.9,0.4,5.0,120.0,0.0,0.0,20.0,2.03,0.077
0.9,0.6,20.0,0.0,9.0,6.0,25.0,2.67,0.093
0.8,0.1,5.0,0.0,6.0,9.0,10.0,2.71,0.087
0.9,0.4,30.0,60.0,3.0,6.0,15.0,2.38,0.073
0.7,0.4,30.0,60.0,0.0,9.0,15.0,2.04,0.08
0.8,0.5,15.0,120.0,9.0,0.0,30.0,2.11,0.077
0.6,0.5,10.0,150.0,0.0,0.0,20.0,1.23,0.036
1.0,0.2,5.0,90.0,3.0,6.0,30.0,1.32,0.045
0.6,0.6,25.0,180.0,6.0,3.0,10.0,2.575,0.149
0.7,0.2,10.0,180.0,3.0,0.0,15.0,2.66,0.093
0.8,0.3,25.0,90.0,0.0,3.0,20.0,2.9525,0.08299999999999999
0.9,0.1,20.0,60.0,0.0,0.0,25.0,2.37,0.074
0.8,0.3,20.0,120.0,3.0,3.0,30.0,2.03,0.08
0.9,0.6,20.0,60.0,3.0,3.0,15.0,1.26,0.05
0.7,0.6,15.0,120.0,6.0,0.0,15.0,1.2,0.036
1.0,0.4,35.0,120.0,6.0,6.0,10.0,1.3,0.045
0.6,0.4,5.0,120.0,9.0,6.0,10.0,2.01,0.076
0.8,0.1,15.0,90.0,6.0,0.0,35.0,2.65,0.093
0.7,0.4,40.0,30.0,9.0,3.0,35.0,2.7,0.088
0.9,0.1,25.0,0.0,3.0,9.0,20.0,2.36,0.074
0.9,0.2,15.0,150.0,9.0,9.0,20.0,2.02,0.08
1.0,0.5,10.0,150.0,6.0,0.0,30.0,1.26,0.05
0.9,0.5,40.0,30.0,6.0,3.0,20.0,1.22,0.035
0.9,0.6,20.0,30.0,0.0,9.0,20.0,-9.665,-0.03
0.9,0.4,40.0,90.0,0.0,9.0,30.0,2.416,0.123
0.8,0.6,35.0,30.0,0.0,0.0,15.0,2.7,0.092
0.9,0.3,20.0,90.0,6.0,9.0,30.0,2.835,0.082
0.8,0.3,35.0,90.0,3.0,3.0,25.0,2.36,0.075
0.6,0.2,5.0,0.0,9.0,0.0,30.0,2.01,0.08
1.0,0.6,15.0,180.0,9.0,6.0,25.0,1.27,0.049
1.0,0.6,30.0,90.0,0.0,0.0,25.0,1.21,0.034
0.8,0.1,25.0,150.0,9.0,3.0,35.0,3.868,0.096
0.8,0.3,10.0,30.0,0.0,3.0,10.0,2.03,0.078
1.0,0.4,40.0,0.0,3.0,9.0,25.0,2.86,0.093
0.7,0.5,35.0,0.0,3.0,6.0,30.0,2.68,0.087
0.7,0.3,40.0,180.0,0.0,6.0,15.0,2.35,0.075
1.0,0.6,30.0,0.0,9.0,9.0,30.0,3.56,0.093
0.9,0.5,15.0,30.0,0.0,6.0,20.0,1.33,0.051
1.0,0.4,25.0,90.0,3.0,3.0,20.0,1.21,0.034
0.7,0.6,15.0,30.0,6.0,6.0,25.0,1.3,0.041
0.6,0.1,20.0,120.0,3.0,3.0,35.0,2.02,0.078
0.7,0.2,15.0,60.0,0.0,6.0,10.0,2.85,0.093
0.6,0.1,30.0,120.0,3.0,3.0,20.0,2.365,0.099
0.8,0.1,30.0,30.0,9.0,9.0,35.0,2.33,0.074
0.7,0.1,15.0,150.0,0.0,0.0,30.0,2.27,0.082
0.9,0.6,40.0,90.0,0.0,3.0,30.0,1.34,0.05
1.0,0.3,40.0,120.0,0.0,6.0,30.0,2.44,0.057
0.7,0.2,25.0,120.0,0.0,9.0,10.0,1.3,0.041
0.9,0.5,5.0,120.0,0.0,6.0,30.0,2.03,0.078
1.0,0.5,40.0,30.0,0.0,3.0,30.0,2.96,0.091
0.6,0.2,15.0,30.0,3.0,9.0,25.0,2.59,0.1
0.6,0.4,5.0,0.0,6.0,3.0,25.0,2.32,0.075
0.9,0.5,25.0,150.0,0.0,6.0,35.0,2.26,0.082
0.7,0.3,15.0,150.0,9.0,9.0,30.0,1.34,0.05
0.6,0.6,5.0,180.0,6.0,0.0,35.0,1.22,0.036
0.6,0.3,15.0,0.0,6.0,0.0,30.0,1.29,0.041
0.6,0.3,15.0,30.0,0.0,3.0,15.0,3.915,0.099
0.6,0.5,25.0,180.0,0.0,3.0,10.0,1.776,0.085
0.6,0.1,20.0,120.0,3.0,0.0,15.0,2.65,0.087
0.8,0.3,5.0,60.0,0.0,0.0,35.0,3.08,0.084
1.0,0.6,25.0,30.0,6.0,6.0,20.0,-17.845,-0.105
0.9,0.5,5.0,180.0,3.0,3.0,15.0,1.34,0.05
0.7,0.1,35.0,180.0,0.0,3.0,30.0,1.22,0.036
0.6,0.1,35.0,60.0,0.0,3.0,20.0,1.29,0.041
0.8,0.5,35.0,90.0,0.0,3.0,20.0,2.475,0.085
0.9,0.5,20.0,120.0,6.0,0.0,10.0,2.89,0.089
0.8,0.3,10.0,30.0,9.0,0.0,15.0,2.64,0.087
0.8,0.5,15.0,120.0,6.0,6.0,35.0,2.31,0.075
0.9,0.5,5.0,0.0,6.0,3.0,25.0,-9.22,-0.1
0.6,0.3,10.0,90.0,0.0,3.0,35.0,1.34,0.05
0.7,0.4,35.0,30.0,6.0,9.0,30.0,1.27,0.037
0.9,0.2,35.0,60.0,9.0,9.0,20.0,1.3,0.042
0.7,0.4,40.0,60.0,9.0,0.0,15.0,2.0,0.078
0.6,0.5,20.0,150.0,9.0,9.0,20.0,2.88,0.089
1.0,0.1,35.0,90.0,0.0,3.0,25.0,2.66,0.088
0.9,0.1,25.0,180.0,0.0,6.0,25.0,4.255,0.082
0.6,0.5,20.0,60.0,3.0,6.0,20.0,0.733,0.065
0.9,0.6,25.0,90.0,0.0,6.0,20.0,1.3,0.048
0.7,0.4,10.0,90.0,9.0,9.0,25.0,1.27,0.037
0.6,0.1,15.0,180.0,6.0,3.0,25.0,1.3,0.042
0.8,0.6,10.0,180.0,6.0,3.0,35.0,5.295,0.095
0.9,0.2,15.0,0.0,9.0,6.0,10.0,3.142,0.094
1.0,0.6,40.0,30.0,0.0,6.0,20.0,2.64,0.08
0.7,0.5,5.0,0.0,3.0,3.0,25.0,2.3,0.075
0.6,0.1,10.0,30.0,3.0,6.0,15.0,-9.1,-0.1
0.9,0.2,5.0,90.0,9.0,6.0,25.0,1.3,0.049
0.6,0.1,40.0,60.0,0.0,9.0,30.0,1.27,0.038
1.0,0.4,10.0,120.0,9.0,9.0,10.0,1.29,0.041
0.9,0.4,5.0,180.0,6.0,6.0,20.0,2.0,0.078
0.9,0.1,5.0,120.0,0.0,3.0,10.0,2.86,0.089
0.7,0.4,15.0,0.0,9.0,3.0,20.0,2.63,0.08
1.0,0.5,10.0,90.0,3.0,3.0,10.0,3.095,0.079
0.7,0.4,5.0,120.0,6.0,0.0,15.0,-9.06,-0.1
1.0,0.5,30.0,90.0,0.0,0.0,30.0,1.32,0.049
0.8,0.6,35.0,150.0,9.0,9.0,15.0,1.23,0.037
0.9,0.4,25.0,90.0,9.0,3.0,35.0,1.29,0.042
0.9,0.3,20.0,180.0,6.0,9.0,30.0,0.25549999999999995,0.0
1.0,0.3,40.0,150.0,6.0,0.0,10.0,2.85,0.089
0.7,0.1,30.0,0.0,0.0,3.0,30.0,2.63,0.08
1.0,0.1,40.0,30.0,3.0,3.0,25.0,3.755,0.091
0.6,0.3,10.0,120.0,6.0,6.0,25.0,-2.87,-0.091
0.6,0.4,40.0,120.0,0.0,6.0,25.0,1.31,0.049
0.9,0.3,15.0,180.0,9.0,3.0,25.0,1.23,0.037
0.8,0.1,5.0,60.0,9.0,9.0,10.0,1.29,0.042
1.0,0.1,10.0,30.0,0.0,3.0,30.0,1.98,0.078
1.0,0.3,30.0,150.0,6.0,0.0,30.0,2.83,0.09
1.0,0.1,25.0,150.0,9.0,0.0,35.0,2.29,0.071
0.7,0.4,35.0,60.0,3.0,9.0,20.0,2.36,0.077
0.9,0.4,10.0,90.0,0.0,6.0,15.0,-8.96,-0.1
0.7,0.6,35.0,120.0,9.0,9.0,20.0,1.29,0.048
0.7,0.6,25.0,150.0,6.0,6.0,35.0,1.22,0.037
1.0,0.1,5.0,0.0,0.0,6.0,20.0,1.29,0.042
0.9,0.1,15.0,90.0,6.0,6.0,30.0,2.645,0.086
1.0,0.3,15.0,30.0,6.0,3.0,25.0,2.84,0.09
1.0,0.1,5.0,180.0,0.0,3.0,15.0,2.62,0.08
0.7,0.4,40.0,120.0,0.0,0.0,25.0,2.34,0.078
0.9,0.3,10.0,90.0,3.0,9.0,25.0,-8.91,-0.1
0.6,0.4,10.0,90.0,9.0,0.0,20.0,1.28,0.048
0.8,0.6,35.0,0.0,9.0,6.0,20.0,3.925,0.08
1.0,0.1,10.0,90.0,3.0,3.0,25.0,1.28,0.042
0.7,0.3,25.0,30.0,9.0,0.0,35.0,1.99,0.079
0.8,0.4,5.0,120.0,9.0,0.0,30.0,2.83,0.09
0.9,0.2,10.0,60.0,9.0,3.0,35.0,2.77,0.096
0.8,0.5,35.0,120.0,9.0,0.0,15.0,2.32,0.077
0.9,0.5,5.0,180.0,0.0,6.0,10.0,-8.83,-0.1
1.0,0.4,10.0,150.0,0.0,0.0,30.0,1.28,0.048
0.9,0.2,10.0,60.0,3.0,3.0,10.0,2.757,0.059
1.0,0.4,15.0,0.0,9.0,0.0,10.0,1.33,0.043
1.0,0.4,30.0,150.0,0.0,0.0,20.0,1.97,0.078
0.9,0.5,10.0,120.0,0.0,3.0,30.0,1.808,0.065
1.0,0.4,10.0,90.0,0.0,9.0,25.0,2.6,0.08
0.8,0.5,20.0,120.0,6.0,9.0,20.0,1.476,0.05
0.9,0.6,40.0,60.0,3.0,0.0,30.0,-8.57,-0.096
0.8,0.5,10.0,30.0,3.0,6.0,35.0,1.32,0.05
0.9,0.5,25.0,150.0,0.0,0.0,20.0,1.26,0.037
0.8,0.3,20.0,60.0,6.0,0.0,30.0,1.34,0.044
0.9,0.1,10.0,30.0,0.0,3.0,25.0,1.96,0.078
0.8,0.1,25.0,60.0,9.0,0.0,15.0,2.255,0.162
0.6,0.6,25.0,30.0,3.0,9.0,25.0,2.61,0.081
1.0,0.3,40.0,90.0,6.0,0.0,25.0,3.3985,0.2995
1.0,0.5,40.0,90.0,0.0,9.0,25.0,-8.45,-0.096
0.9,0.6,40.0,120.0,0.0,0.0,10.0,1.24,0.047
0.9,0.3,35.0,180.0,6.0,6.0,20.0,1.26,0.037
0.8,0.1,5.0,120.0,3.0,3.0,35.0,1.33,0.044
0.8,0.5,15.0,0.0,0.0,3.0,25.0,1.99,0.079
0.9,0.4,25.0,90.0,3.0,3.0,10.0,2.78,0.09
0.7,0.4,5.0,120.0,9.0,9.0,35.0,2.6,0.081
0.6,0.4,35.0,0.0,9.0,9.0,25.0,2.34,0.079
1.0,0.6,35.0,60.0,6.0,0.0,25.0,-8.22,-0.093
1.0,0.4,25.0,180.0,9.0,9.0,30.0,1.23,0.047
0.6,0.5,40.0,120.0,3.0,6.0,35.0,1.25,0.037
0.9,0.4,15.0,90.0,9.0,0.0,15.0,1.32,0.043
0.6,0.1,40.0,150.0,6.0,6.0,30.0,1.97,0.079
1.0,0.2,10.0,90.0,6.0,3.0,15.0,3.669,0.096
0.9,0.4,40.0,90.0,9.0,9.0,20.0,3.125,0.122
0.6,0.4,10.0,60.0,9.0,0.0,35.0,2.33,0.079
0.6,0.1,5.0,30.0,6.0,3.0,30.0,-8.2,-0.093
0.6,0.5,35.0,0.0,0.0,3.0,25.0,1.26,0.048
0.6,0.6,20.0,30.0,6.0,6.0,35.0,1.26,0.038
0.6,0.3,5.0,30.0,9.0,9.0,20.0,1.32,0.043
1.0,0.6,15.0,180.0,6.0,6.0,10.0,1.5,0.055
1.0,0.6,10.0,90.0,0.0,3.0,35.0,2.79,0.089
0.9,0.2,40.0,30.0,6.0,3.0,10.0,2.6,0.082
0.7,0.5,25.0,150.0,9.0,3.0,15.0,2.31,0.079
0.7,0.3,40.0,180.0,6.0,0.0,25.0,-1.0725,0.042249999999999996
0.8,0.2,10.0,120.0,0.0,3.0,10.0,1.26,0.048
0.6,0.5,35.0,120.0,0.0,3.0,15.0,1.26,0.037
0.7,0.4,5.0,120.0,0.0,9.0,35.0,1.31,0.044
0.9,0.5,35.0,60.0,3.0,0.0,10.0,1.88,0.073
0.8,0.5,10.0,0.0,0.0,9.0,20.0,2.81,0.089
0.6,0.1,35.0,150.0,9.0,6.0,20.0,2.59,0.082
0.8,0.6,10.0,30.0,0.0,9.0,30.0,2.36,0.08
0.7,0.6,15.0,0.0,9.0,6.0,25.0,-8.05,-0.092
1.0,0.6,35.0,60.0,9.0,3.0,15.0,1.29,0.047
0.9,0.2,35.0,150.0,3.0,9.0,25.0,1.25,0.037
0.8,0.4,15.0,30.0,9.0,3.0,35.0,1.26,0.063
0.7,0.2,10.0,30.0,6.0,6.0,20.0,1.88,0.073
1.0,0.6,20.0,180.0,9.0,9.0,15.0,2.77,0.087
0.6,0.4,15.0,150.0,9.0,3.0,25.0,2.58,0.082
0.8,0.4,15.0,90.0,9.0,0.0,20.0,2.35,0.08
0.8,0.4,15.0,30.0,3.0,3.0,20.0,-7.96,-0.091
0.7,0.1,20.0,180.0,6.0,0.0,15.0,1.29,0.047
0.6,0.4,35.0,30.0,6.0,3.0,25.0,1.26,0.038
0.9,0.3,30.0,180.0,3.0,9.0,15.0,1.33,0.044
0.6,0.1,25.0,60.0,9.0,0.0,35.0,1.87,0.073
0.7,0.3,15.0,90.0,9.0,0.0,30.0,2.76,0.087
1.0,0.5,40.0,150.0,9.0,9.0,35.0,2.57,0.082
0.7,0.5,15.0,60.0,6.0,6.0,30.0,2.35,0.08
0.7,0.3,10.0,180.0,3.0,3.0,35.0,-2.4240000000000004,0.0030000000000000027
0.8,0.3,30.0,180.0,0.0,6.0,20.0,1.28,0.047
0.8,0.4,10.0,180.0,3.0,0.0,15.0,1.26,0.038
0.6,0.4,35.0,120.0,6.0,3.0,35.0,1.32,0.044
0.7,0.1,20.0,120.0,9.0,6.0,15.0,1.86,0.073
0.6,0.5,40.0,60.0,0.0,6.0,25.0,2.74,0.087
0.6,0.4,10.0,0.0,3.0,3.0,20.0,2.56,0.082
0.8,0.5,5.0,30.0,3.0,3.0,25.0,2.36,0.08
1.0,0.2,30.0,60.0,6.0,6.0,15.0,-2.245,-0.014
1.0,0.3,30.0,0.0,9.0,3.0,10.0,1.32,0.048
0.9,0.2,15.0,30.0,9.0,3.0,30.0,1.515,0.195
0.8,0.6,35.0,0.0,9.0,3.0,30.0,1.43,0.047
0.8,0.3,5.0,0.0,0.0,0.0,30.0,1.86,0.073
0.7,0.1,15.0,0.0,9.0,0.0,25.0,2.73,0.087
0.6,0.1,15.0,30.0,6.0,6.0,35.0,2.55,0.082
0.8,0.2,10.0,180.0,0.0,6.0,30.0,2.35,0.08
1.0,0.1,25.0,150.0,3.0,0.0,30.0,-2.505,-0.004
0.7,0.3,30.0,150.0,9.0,3.0,10.0,1.32,0.048
0.8,0.3,25.0,0.0,9.0,9.0,20.0,1.29,0.039
0.6,0.5,10.0,60.0,9.0,6.0,10.0,1.43,0.046
0.6,0.1,5.0,120.0,0.0,0.0,25.0,2.29,0.142
0.8,0.3,20.0,60.0,0.0,6.0,10.0,2.26,0.14
0.6,0.1,30.0,120.0,6.0,9.0,25.0,2.54,0.082
1.0,0.5,15.0,0.0,6.0,0.0,35.0,2.45,0.082
0.9,0.1,10.0,60.0,6.0,9.0,15.0,-7.76,-0.091
0.6,0.4,30.0,60.0,0.0,3.0,20.0,2.985,0.073
0.6,0.5,30.0,60.0,6.0,6.0,10.0,1.28,0.039
0.7,0.1,20.0,180.0,9.0,9.0,35.0,1.42,0.046
0.8,0.3,10.0,60.0,9.0,3.0,10.0,1.857,0.07400000000000001
0.6,0.5,5.0,0.0,0.0,0.0,25.0,2.71,0.087
0.6,0.4,5.0,0.0,0.0,0.0,15.0,2.54,0.082
0.9,0.4,35.0,60.0,9.0,6.0,35.0,2.49,0.083
0.6,0.4,5.0,150.0,9.0,3.0,10.0,-7.73,-0.091
0.7,0.6,25.0,30.0,3.0,6.0,25.0,1.35,0.049
0.9,0.4,40.0,90.0,0.0,6.0,30.0,3.245,0.214
0.8,0.2,25.0,60.0,0.0,9.0,30.0,1.44,0.047
0.8,0.3,40.0,180.0,3.0,3.0,20.0,1.84,0.073
0.6,0.4,10.0,90.0,9.0,0.0,30.0,2.7,0.087
1.0,0.6,40.0,90.0,6.0,6.0,10.0,3.29,0.088
0.8,0.3,40.0,90.0,6.0,9.0,15.0,2.48,0.083
0.6,0.4,15.0,90.0,0.0,3.0,35.0,-7.69,-0.091
0.9,0.5,5.0,120.0,3.0,0.0,30.0,1.36,0.049
0.7,0.1,5.0,60.0,6.0,3.0,25.0,1.31,0.04
1.0,0.2,30.0,30.0,6.0,6.0,30.0,1.47,0.049
0.7,0.5,5.0,90.0,9.0,6.0,25.0,1.84,0.074
0.8,0.5,30.0,0.0,3.0,6.0,15.0,2.75,0.088
0.9,0.2,10.0,180.0,9.0,6.0,30.0,2.48,0.08
0.7,0.2,20.0,30.0,0.0,9.0,30.0,2.47,0.084
0.6,0.3,5.0,120.0,6.0,3.0,25.0,-7.67,-0.091
0.7,0.5,25.0,60.0,3.0,6.0,25.0,1.38,0.05
0.8,0.6,10.0,90.0,0.0,0.0,15.0,1.3,0.04
0.9,0.4,30.0,60.0,0.0,9.0,15.0,1.48,0.049
0.6,0.3,20.0,180.0,6.0,3.0,35.0,1.84,0.073
0.6,0.6,15.0,150.0,0.0,9.0,25.0,2.74,0.087
0.8,0.2,25.0,60.0,6.0,3.0,30.0,2.48,0.081
0.9,0.4,5.0,150.0,6.0,0.0,30.0,2.46,0.084
0.8,0.3,25.0,90.0,3.0,6.0,15.0,-7.62,-0.091
0.7,0.2,25.0,0.0,3.0,3.0,30.0,1.39,0.051
0.7,0.4,10.0,30.0,3.0,0.0,15.0,1.3,0.04
0.9,0.2,30.0,90.0,3.0,9.0,10.0,1.48,0.049
0.6,0.3,15.0,60.0,6.0,3.0,10.0,1.83,0.073
0.7,0.5,25.0,60.0,6.0,3.0,35.0,2.74,0.088
0.8,0.4,10.0,30.0,9.0,9.0,10.0,2.47,0.081
0.7,0.4,25.0,120.0,6.0,0.0,10.0,2.45,0.083
0.6,0.5,30.0,60.0,3.0,6.0,10.0,-7.58,-0.09
0.9,0.4,15.0,60.0,0.0,9.0,15.0,1.4,0.051
0.7,0.4,5.0,90.0,6.0,6.0,15.0,1.3,0.04
0.7,0.3,30.0,150.0,6.0,6.0,10.0,1.47,0.049
0.8,0.3,25.0,120.0,6.0,6.0,25.0,1.82,0.073
0.6,0.2,20.0,150.0,9.0,0.0,35.0,2.73,0.088
0.8,0.2,15.0,180.0,9.0,0.0,20.0,2.47,0.081
0.8,0.6,25.0,0.0,9.0,9.0,35.0,2.48,0.083
0.7,0.5,10.0,0.0,0.0,0.0,10.0,-7.51,-0.09
1.0,0.6,25.0,180.0,9.0,0.0,35.0,2.72,0.08
0.9,0.2,15.0,180.0,6.0,9.0,20.0,2.27,0.055
0.7,0.2,25.0,0.0,3.0,9.0,10.0,1.47,0.049
0.9,0.3,40.0,120.0,6.0,6.0,35.0,1.81,0.074
1.0,0.6,35.0,90.0,9.0,9.0,35.0,3.535,0.093
0.9,0.1,40.0,120.0,9.0,0.0,30.0,2.48,0.082
1.0,0.4,10.0,60.0,9.0,9.0,15.0,3.58,0.097
0.8,0.1,25.0,60.0,0.0,6.0,35.0,1.75,0.047
0.6,0.4,15.0,30.0,3.0,3.0,20.0,1.38,0.051
0.8,0.4,20.0,120.0,3.0,9.0,15.0,1.28,0.04
1.0,0.5,10.0,0.0,9.0,6.0,35.0,1.55,0.051
0.8,0.1,35.0,120.0,0.0,0.0,35.0,2.125,0.093
0.6,0.3,30.0,120.0,9.0,6.0,20.0,2.58,0.081
1.0,0.6,30.0,120.0,6.0,3.0,30.0,0.49,0.019
0.7,0.1,30.0,0.0,6.0,9.0,15.0,2.47,0.083
0.7,0.6,35.0,120.0,0.0,0.0,30.0,-7.4,-0.09
0.8,0.3,10.0,120.0,0.0,6.0,25.0,1.891,0.057999999999999996
0.8,0.4,15.0,0.0,9.0,0.0,20.0,2.93,0.067
0.9,0.4,35.0,180.0,6.0,0.0,10.0,1.54,0.051
1.0,0.4,5.0,90.0,3.0,9.0,35.0,1.82,0.075
1.0,0.6,35.0,90.0,6.0,3.0,10.0,2.305,0.09
1.0,0.3,30.0,180.0,3.0,9.0,30.0,4.012,0.1
0.7,0.1,30.0,180.0,6.0,0.0,15.0,2.46,0.083
0.7,0.4,20.0,90.0,3.0,6.0,25.0,-7.36,-0.09
1.0,0.4,25.0,60.0,9.0,6.0,35.0,1.42,0.052
0.8,0.4,40.0,120.0,9.0,3.0,15.0,1.3,0.041
1.0,0.2,30.0,120.0,3.0,3.0,10.0,1.53,0.051
0.9,0.3,30.0,60.0,9.0,9.0,20.0,1.83,0.076
0.6,0.3,10.0,0.0,6.0,0.0,10.0,2.49,0.079
0.6,0.1,20.0,120.0,9.0,3.0,10.0,2.42,0.081
0.7,0.1,40.0,60.0,9.0,3.0,15.0,2.44,0.083
1.0,0.6,25.0,30.0,6.0,9.0,10.0,-7.92,-0.091
0.9,0.4,40.0,60.0,9.0,9.0,15.0,1.42,0.052
0.6,0.4,20.0,150.0,0.0,0.0,15.0,1.29,0.041
0.8,0.6,10.0,180.0,9.0,3.0,25.0,1.53,0.051
0.6,0.3,30.0,150.0,3.0,3.0,25.0,2.02,0.069
1.0,0.2,25.0,60.0,6.0,9.0,30.0,2.49,0.079
1.0,0.4,30.0,180.0,9.0,6.0,15.0,2.41,0.08
0.6,0.5,20.0,150.0,6.0,3.0,25.0,2.44,0.083
0.6,0.6,20.0,180.0,9.0,0.0,15.0,-7.89,-0.091
0.8,0.6,35.0,60.0,0.0,9.0,20.0,1.41,0.051
0.9,0.5,30.0,30.0,6.0,3.0,25.0,1.39,0.043
1.0,0.4,15.0,180.0,9.0,3.0,30.0,1.53,0.051
0.6,0.3,10.0,90.0,9.0,6.0,20.0,1.82,0.076
0.6,0.3,20.0,150.0,0.0,9.0,10.0,2.48,0.079
0.8,0.4,30.0,60.0,3.0,3.0,35.0,4.105,0.09
0.6,0.2,5.0,180.0,9.0,9.0,30.0,2.43,0.083
0.8,0.3,40.0,30.0,6.0,0.0,10.0,-2.8674999999999997,0.0
0.8,0.6,15.0,30.0,6.0,9.0,35.0,1.47,0.052
0.9,0.4,5.0,150.0,3.0,9.0,10.0,1.39,0.043
0.8,0.3,5.0,30.0,6.0,6.0,25.0,0.9795,0.043
0.9,0.5,15.0,0.0,0.0,3.0,25.0,2.165,0.114
0.8,0.5,25.0,180.0,3.0,9.0,15.0,2.46,0.078
1.0,0.6,20.0,180.0,3.0,9.0,35.0,2.43,0.081
0.9,0.4,10.0,30.0,9.0,0.0,25.0,2.45,0.084
1.0,0.5,25.0,120.0,6.0,3.0,10.0,-7.84,-0.092
0.9,0.1,35.0,180.0,6.0,9.0,25.0,1.46,0.052
0.7,0.4,20.0,180.0,0.0,6.0,30.0,1.39,0.043
0.6,0.3,35.0,30.0,6.0,3.0,10.0,2.705,0.058
0.9,0.1,40.0,0.0,0.0,3.0,30.0,2.15,0.187
1.0,0.2,30.0,30.0,3.0,6.0,35.0,2.47,0.079
1.0,0.3,35.0,0.0,3.0,6.0,10.0,2.45,0.081
0.9,0.2,10.0,120.0,3.0,9.0,35.0,2.45,0.084
1.0,0.1,35.0,0.0,0.0,0.0,30.0,-7.69,-0.09
0.7,0.5,10.0,150.0,6.0,0.0,25.0,1.45,0.052
0.8,0.6,15.0,120.0,0.0,0.0,35.0,1.38,0.043
1.0,0.3,15.0,180.0,9.0,6.0,25.0,1.8275,0.077
0.6,0.2,20.0,60.0,0.0,9.0,35.0,1.92,0.079
0.7,0.2,35.0,180.0,9.0,0.0,10.0,2.46,0.079
0.8,0.2,10.0,60.0,6.0,9.0,20.0,2.44,0.081
0.6,0.1,15.0,30.0,3.0,3.0,35.0,2.44,0.084
0.6,0.3,40.0,0.0,3.0,9.0,35.0,-7.63,-0.09
0.9,0.6,40.0,180.0,6.0,6.0,10.0,1.42,0.051
0.9,0.4,5.0,180.0,3.0,0.0,25.0,1.38,0.043
0.7,0.1,30.0,0.0,3.0,9.0,30.0,1.51,0.051
0.8,0.3,30.0,90.0,3.0,9.0,20.0,3.04,0.071
0.7,0.6,15.0,30.0,9.0,3.0,35.0,2.48,0.079
0.8,0.4,25.0,150.0,9.0,3.0,35.0,3.745,0.099
0.8,0.5,5.0,120.0,0.0,0.0,35.0,2.44,0.084
0.7,0.6,40.0,60.0,9.0,6.0,10.0,-7.56,-0.09
0.6,0.6,35.0,30.0,3.0,3.0,25.0,1.43,0.051
0.7,0.2,25.0,30.0,6.0,6.0,30.0,1.37,0.043
1.0,0.3,30.0,150.0,0.0,0.0,30.0,2.7190000000000003,0.07300000000000001
0.7,0.1,20.0,120.0,6.0,6.0,15.0,1.9,0.08
0.7,0.6,5.0,120.0,9.0,9.0,15.0,2.47,0.079
0.6,0.4,20.0,150.0,9.0,6.0,20.0,3.73,0.081
0.7,0.1,10.0,180.0,3.0,9.0,20.0,2.44,0.084
1.0,0.2,15.0,120.0,0.0,0.0,30.0,-7.53,-0.09
0.8,0.6,35.0,0.0,3.0,9.0,20.0,1.49,0.052
1.0,0.2,20.0,150.0,0.0,6.0,25.0,1.37,0.043
0.6,0.6,30.0,60.0,3.0,6.0,35.0,2.195,0.06
0.7,0.2,15.0,90.0,9.0,6.0,35.0,1.9,0.08
1.0,0.1,15.0,150.0,3.0,6.0,10.0,2.46,0.079
0.7,0.6,35.0,30.0,9.0,3.0,15.0,2.41,0.08
0.8,0.2,15.0,90.0,3.0,0.0,25.0,2.43,0.084
0.9,0.3,40.0,150.0,0.0,3.0,10.0,-7.51,-0.09
1.0,0.6,25.0,0.0,0.0,3.0,20.0,1.73,0.056
0.8,0.1,25.0,150.0,3.0,6.0,20.0,1.36,0.043
0.6,0.3,20.0,0.0,9.0,3.0,10.0,1.312,0.10500000000000001
0.6,0.2,20.0,120.0,9.0,3.0,15.0,2.765,0.088
0.6,0.2,25.0,60.0,6.0,6.0,25.0,2.46,0.079
0.9,0.4,30.0,120.0,3.0,3.0,10.0,2.39,0.079
0.9,0.5,35.0,90.0,0.0,3.0,25.0,2.685,0.08
0.7,0.6,10.0,120.0,3.0,6.0,25.0,-7.46,-0.09
0.9,0.6,35.0,30.0,6.0,3.0,15.0,1.46,0.043
0.6,0.6,20.0,60.0,3.0,0.0,30.0,1.53,0.06
1.0,0.2,5.0,120.0,3.0,3.0,10.0,1.51,0.052
0.8,0.2,20.0,30.0,6.0,6.0,30.0,1.89,0.08
0.7,0.2,25.0,30.0,3.0,6.0,30.0,2.44,0.079
0.7,0.4,10.0,60.0,6.0,9.0,30.0,2.38,0.079
0.7,0.1,10.0,30.0,0.0,3.0,20.0,2.42,0.084
0.8,0.5,20.0,90.0,3.0,3.0,30.0,-7.39,-0.09
0.8,0.1,30.0,120.0,3.0,6.0,25.0,1.45,0.043
0.9,0.6,15.0,120.0,0.0,3.0,25.0,1.36,0.043
0.7,0.4,5.0,150.0,3.0,3.0,35.0,1.51,0.052
1.0,0.5,35.0,90.0,0.0,9.0,35.0,1.92,0.081
1.0,0.3,35.0,60.0,6.0,3.0,20.0,2.46,0.08
1.0,0.6,25.0,30.0,6.0,6.0,10.0,4.86,0.081
1.0,0.6,25.0,30.0,6.0,9.0,20.0,4.561,0.099
1.0,0.6,25.0,30.0,6.0,6.0,30.0,5.854,0.099
0.7,0.4,20.0,90.0,3.0,6.0,15.0,-0.025,-0.003
0.9,0.3,40.0,90.0,0.0,9.0,30.0,2.5315,0.15899999999999997
0.9,0.4,40.0,90.0,0.0,6.0,10.0,3.81,0.052
0.9,0.2,15.0,30.0,9.0,3.0,20.0,8.87,0.1
1.0,0.2,30.0,180.0,3.0,9.0,30.0,6.515,0.107
0.9,0.3,30.0,120.0,3.0,6.0,20.0,-0.006,-0.001
0.9,0.3,30.0,120.0,3.0,0.0,20.0,2.19,0.299
0.9,0.5,15.0,0.0,0.0,3.0,35.0,5.535,0.141
1.0,0.4,40.0,90.0,0.0,6.0,10.0,1.67,0.108
0.9,0.2,5.0,30.0,6.0,9.0,15.0,1.93,0.249
0.6,0.3,5.0,120.0,6.0,3.0,20.0,1.19,0.106
0.6,0.3,5.0,120.0,6.0,3.0,30.0,2.615,0.162
1.0,0.2,30.0,180.0,3.0,6.0,30.0,3.225,0.124
0.6,0.2,40.0,60.0,0.0,0.0,25.0,1.58,0.19
0.6,0.2,15.0,180.0,3.0,6.0,10.0,0.953,0.207
1.0,0.5,25.0,60.0,6.0,3.0,10.0,0.981,0.03
1.0,0.5,25.0,90.0,6.0,3.0,10.0,0.706,0.038
0.9,0.3,40.0,30.0,6.0,0.0,10.0,4.435,0.102
0.9,0.6,10.0,0.0,3.0,6.0,30.0,2.09,0.056
0.9,0.5,35.0,0.0,3.0,3.0,35.0,4.49,0.125
0.9,0.5,35.0,0.0,9.0,3.0,35.0,3.1,0.083
0.9,0.3,25.0,90.0,6.0,9.0,30.0,0.846,0.048
0.6,0.3,5.0,30.0,0.0,9.0,30.0,0.771,0.049
0.6,0.2,20.0,180.0,6.0,3.0,20.0,3.987,0.103
0.8,0.3,10.0,90.0,6.0,9.0,15.0,3.47,0.117
0.8,0.2,40.0,90.0,6.0,9.0,15.0,3.805,0.107
0.6,0.2,35.0,0.0,6.0,3.0,15.0,3.55,0.102
1.0,0.3,40.0,90.0,3.0,0.0,20.0,3.1094999999999997,0.0805
0.7,0.6,5.0,0.0,3.0,6.0,35.0,3.22,0.087
0.8,0.3,10.0,90.0,9.0,9.0,10.0,0.722,0.048
1.0,0.3,10.0,150.0,6.0,0.0,10.0,-0.529,-0.058
0.7,0.2,40.0,30.0,6.0,0.0,10.0,1.44,0.16
1.0,0.3,40.0,30.0,6.0,6.0,20.0,4.63,0.083
1.0,0.3,5.0,120.0,6.0,0.0,25.0,0.832,0.094
0.8,0.3,5.0,30.0,6.0,0.0,10.0,0.888,0.111
0.7,0.2,5.0,120.0,6.0,3.0,25.0,-0.929,-0.05
1.0,0.3,40.0,30.0,6.0,0.0,20.0,5.695,0.13
0.8,0.5,40.0,120.0,0.0,9.0,15.0,0.928,0.006
1.0,0.3,40.0,30.0,6.0,9.0,10.0,2.926,0.122
0.8,0.3,5.0,120.0,6.0,0.0,25.0,1.25,0.151
1.0,0.6,40.0,30.0,9.0,6.0,20.0,13.7,0.103
0.7,0.2,5.0,30.0,6.0,3.0,30.0,0.392,0.095
0.6,0.3,40.0,30.0,3.0,9.0,35.0,1.85,0.176
1.0,0.3,40.0,30.0,6.0,0.0,15.0,3.155,0.1
1.0,0.3,35.0,30.0,6.0,9.0,10.0,7.47,0.104
0.8,0.4,40.0,90.0,0.0,6.0,30.0,4.42,0.127
0.8,0.4,40.0,90.0,0.0,9.0,30.0,3.22,0.15
0.8,0.3,40.0,90.0,0.0,9.0,30.0,3.0745,0.0795
0.9,0.3,40.0,60.0,0.0,9.0,30.0,2.675,0.125
0.9,0.4,40.0,120.0,0.0,9.0,30.0,3.43,0.132
0.8,0.3,40.0,180.0,6.0,0.0,25.0,1.7400000000000002,0.11649999999999999
0.8,0.3,35.0,0.0,3.0,0.0,30.0,2.44,0.167
1.0,0.3,40.0,90.0,3.0,6.0,20.0,4.247,0.3525
1.0,0.2,40.0,90.0,3.0,6.0,20.0,4.09,-2.89
0.7,0.6,15.0,0.0,9.0,6.0,15.0,2.41,0.09
0.7,0.6,15.0,0.0,9.0,9.0,15.0,2.615,0.099
0.6,0.4,5.0,150.0,9.0,0.0,20.0,2.36,0.645
1.0,0.5,40.0,90.0,3.0,6.0,25.0,4.83,0.718
1.0,0.3,40.0,90.0,3.0,9.0,30.0,5.835,0.646
1.0,0.6,30.0,0.0,6.0,6.0,20.0,3.77,0.067
1.0,0.2,25.0,150.0,3.0,0.0,30.0,4.905,0.079
0.9,0.2,40.0,90.0,3.0,3.0,35.0,5.91,0.074
0.9,0.2,40.0,90.0,3.0,3.0,25.0,2.85,0.15
0.6,0.5,35.0,30.0,0.0,6.0,35.0,3.34,0.121
0.9,0.5,35.0,60.0,9.0,3.0,35.0,3.54,0.156
0.9,0.5,5.0,0.0,9.0,3.0,25.0,-6.535,0.077
0.9,0.2,40.0,90.0,3.0,6.0,25.0,6.8,0.09
0.6,0.5,35.0,0.0,9.0,9.0,25.0,4.01,0.257
0.8,0.2,10.0,60.0,9.0,3.0,35.0,2.53,0.126
0.9,0.5,10.0,180.0,0.0,6.0,10.0,2.47,0.125
0.8,0.3,20.0,90.0,3.0,6.0,15.0,3.66,0.239
1.0,0.6,30.0,30.0,6.0,6.0,15.0,3.87,0.09
0.8,0.3,20.0,60.0,0.0,0.0,10.0,4.173,0.127
0.9,0.5,15.0,150.0,6.0,6.0,20.0,3.44,0.069
1.0,0.6,40.0,90.0,0.0,9.0,25.0,2.765,0.076
1.0,0.6,25.0,120.0,6.0,6.0,20.0,-24.7,-0.108
0.8,0.4,20.0,60.0,6.0,0.0,20.0,2.825,0.1
0.9,0.3,5.0,120.0,3.0,9.0,25.0,3.035,0.136
0.6,0.2,15.0,60.0,3.0,9.0,25.0,2.705,0.053
0.8,0.5,10.0,0.0,0.0,0.0,10.0,-23.0,-0.107
0.6,0.2,20.0,180.0,6.0,3.0,25.0,2.97,0.111
0.6,0.2,35.0,60.0,0.0,0.0,20.0,1.66,0.099
0.6,0.2,20.0,150.0,6.0,3.0,20.0,3.81,0.097
0.6,0.2,10.0,120.0,0.0,6.0,25.0,2.06,0.205
0.6,0.2,10.0,120.0,6.0,6.0,25.0,2.44,0.064
0.8,0.3,25.0,90.0,3.0,3.0,15.0,1.4,0.074
0.8,0.5,20.0,90.0,3.0,3.0,25.0,2.74,0.091
0.8,0.4,30.0,150.0,3.0,3.0,35.0,1.91,0.204
0.6,0.3,40.0,180.0,6.0,0.0,25.0,1.094125,0.222625
1.0,0.2,10.0,60.0,9.0,3.0,15.0,1.38,0.075
1.0,0.2,10.0,120.0,9.0,3.0,15.0,-17.2,-0.096
1.0,0.6,30.0,0.0,6.0,9.0,20.0,2.59,0.069
1.0,0.1,25.0,150.0,3.0,0.0,35.0,1.9,0.064
1.0,0.2,10.0,0.0,9.0,3.0,15.0,3.445,0.101
1.0,0.2,10.0,180.0,9.0,3.0,15.0,3.274,0.088
1.0,0.2,10.0,180.0,6.0,3.0,15.0,3.43,0.087
0.6,0.3,10.0,90.0,6.0,6.0,25.0,2.8,0.076
0.9,0.6,5.0,0.0,3.0,3.0,30.0,3.02,0.106
0.9,0.6,5.0,0.0,3.0,9.0,30.0,4.795,0.099
1.0,0.2,10.0,90.0,3.0,3.0,15.0,4.39,0.098
1.0,0.2,10.0,0.0,3.0,3.0,15.0,1.805,0.094
1.0,0.3,40.0,90.0,6.0,3.0,20.0,-0.705,-0.067
1.0,0.3,40.0,0.0,6.0,3.0,20.0,3.2,0.11
1.0,0.2,10.0,90.0,6.0,3.0,35.0,2.535,0.086
1.0,0.3,5.0,0.0,6.0,3.0,20.0,2.8,0.079
0.8,0.5,30.0,0.0,6.0,3.0,10.0,2.45,0.092
0.9,0.3,40.0,90.0,0.0,6.0,30.0,2.51,0.266
0.9,0.3,40.0,90.0,0.0,9.0,20.0,2.52,0.41
0.9,0.3,40.0,90.0,3.0,9.0,30.0,1.59,0.167
0.9,0.3,5.0,90.0,0.0,9.0,30.0,1.92,0.218
0.9,0.3,40.0,90.0,0.0,6.0,20.0,2.1,0.295
0.9,0.3,40.0,90.0,0.0,3.0,30.0,2.3755,0.2915
1.0,0.3,40.0,30.0,9.0,3.0,30.0,3.6935000000000002,0.144
0.9,0.3,40.0,60.0,0.0,0.0,30.0,7.18,0.24
1.0,0.5,40.0,30.0,9.0,6.0,20.0,11.0,0.159
0.8,0.5,15.0,0.0,0.0,0.0,10.0,2.6,0.148
0.9,0.5,15.0,0.0,6.0,3.0,25.0,3.82,0.109
0.7,0.2,10.0,60.0,9.0,3.0,35.0,3.25,0.306
0.9,0.5,40.0,0.0,6.0,3.0,35.0,5.78,0.143
1.0,0.2,10.0,120.0,9.0,6.0,15.0,6.47,0.14
1.0,0.2,10.0,120.0,9.0,3.0,10.0,2.26,0.11
1.0,0.2,10.0,120.0,9.0,3.0,20.0,4.09,0.12
0.9,0.4,35.0,0.0,3.0,3.0,35.0,8.71,0.162
1.0,0.6,25.0,30.0,6.0,9.0,25.0,3.68,0.056
1.0,0.3,25.0,150.0,3.0,0.0,30.0,2.20725,0.057499999999999996
1.0,0.6,25.0,30.0,9.0,9.0,20.0,2.93,0.044
1.0,0.6,25.0,30.0,3.0,9.0,20.0,3.338,0.089
0.9,0.6,5.0,0.0,9.0,3.0,25.0,2.75,0.117
0.9,0.2,15.0,60.0,9.0,3.0,20.0,2.62,0.119
1.0,0.3,40.0,60.0,6.0,6.0,20.0,1.59,0.111
1.0,0.3,40.0,60.0,3.0,9.0,30.0,3.1045,0.2005
0.9,0.2,40.0,60.0,3.0,3.0,35.0,3.75,0.044
1.0,0.2,40.0,60.0,3.0,3.0,30.0,2.67,0.118
1.0,0.3,40.0,60.0,3.0,6.0,20.0,3.583,0.12
1.0,0.3,25.0,150.0,3.0,0.0,25.0,1.8667500000000001,0.15775
1.0,0.3,40.0,30.0,6.0,3.0,20.0,2.4,0.098
1.0,0.4,40.0,30.0,9.0,6.0,20.0,2.06,0.055
0.8,0.3,40.0,90.0,6.0,0.0,10.0,2.2,0.097
0.9,0.5,15.0,150.0,9.0,3.0,35.0,4.0,0.081
0.6,0.5,10.0,60.0,9.0,0.0,35.0,1.9,0.056
0.8,0.3,25.0,90.0,3.0,6.0,10.0,2.735,0.086
0.9,0.3,15.0,150.0,9.0,3.0,35.0,3.055,0.061
1.0,0.6,25.0,30.0,9.0,6.0,20.0,4.555,0.097
1.0,0.6,25.0,0.0,6.0,6.0,30.0,3.595,0.075
1.0,0.6,25.0,60.0,6.0,6.0,30.0,3.635,0.055
0.9,0.5,5.0,0.0,3.0,3.0,25.0,3.215,0.106
1.0,0.6,30.0,30.0,6.0,6.0,30.0,3.895,0.09
1.0,0.6,20.0,30.0,6.0,6.0,30.0,4.69,0.093
1.0,0.6,25.0,0.0,6.0,9.0,20.0,3.8,0.077
1.0,0.2,30.0,60.0,6.0,6.0,10.0,4.73,0.091
1.0,0.5,40.0,90.0,0.0,9.0,30.0,2.94,0.072
1.0,0.6,10.0,150.0,3.0,6.0,10.0,3.4,0.079
0.8,0.6,30.0,0.0,9.0,6.0,20.0,3.31,0.076
0.9,0.1,10.0,60.0,9.0,9.0,15.0,2.71,0.093
0.9,0.2,10.0,0.0,9.0,6.0,10.0,3.65,0.068
1.0,0.6,30.0,30.0,9.0,6.0,20.0,3.305,0.085
0.9,0.1,10.0,90.0,6.0,9.0,15.0,2.1,0.087
0.8,0.1,25.0,90.0,0.0,6.0,35.0,3.96,0.082
0.9,0.2,5.0,30.0,9.0,3.0,20.0,4.04,0.104
0.9,0.2,25.0,30.0,9.0,3.0,20.0,2.1,0.09
1.0,0.2,25.0,120.0,9.0,3.0,15.0,3.36,0.068
1.0,0.2,35.0,150.0,3.0,0.0,30.0,2.75,0.044
1.0,0.2,15.0,150.0,3.0,0.0,30.0,2.78,0.098
0.8,0.5,5.0,120.0,9.0,0.0,30.0,3.48,0.064
1.0,0.2,10.0,120.0,6.0,3.0,15.0,2.08,0.09
0.9,0.2,35.0,90.0,3.0,6.0,25.0,2.61,0.045
1.0,0.3,10.0,90.0,3.0,9.0,25.0,1.8299999999999998,0.057999999999999996
0.6,0.3,15.0,90.0,0.0,3.0,35.0,4.5,0.104
1.0,0.3,20.0,0.0,3.0,3.0,35.0,2.74,0.048
1.0,0.6,25.0,0.0,6.0,6.0,20.0,3.46,0.056
1.0,0.5,25.0,120.0,6.0,6.0,20.0,4.65,0.098
1.0,0.6,35.0,30.0,6.0,6.0,20.0,3.56,0.053
1.0,0.2,5.0,120.0,9.0,3.0,15.0,2.67,0.048
1.0,0.6,35.0,30.0,9.0,6.0,20.0,3.32,0.061
1.0,0.2,30.0,180.0,3.0,9.0,35.0,3.47,0.092
0.6,0.1,15.0,30.0,6.0,3.0,30.0,3.39,0.081
1.0,0.2,30.0,180.0,3.0,9.0,25.0,3.48,0.053
1.0,0.6,25.0,60.0,6.0,6.0,20.0,4.24,0.098
1.0,0.6,25.0,60.0,6.0,9.0,10.0,2.64,0.048
0.9,0.1,15.0,0.0,0.0,3.0,10.0,0.896,0.343
0.8,0.3,20.0,60.0,0.0,6.0,30.0,3.7205,0.139
0.9,0.1,15.0,60.0,0.0,6.0,30.0,0.594,0.464
0.9,0.2,15.0,30.0,3.0,3.0,30.0,1.84,0.222
0.9,0.6,20.0,0.0,0.0,6.0,30.0,14.5,0.145
0.8,0.3,10.0,90.0,0.0,3.0,30.0,0.483,0.091
0.8,0.6,20.0,0.0,0.0,6.0,20.0,4.61,0.087
0.9,0.6,20.0,0.0,0.0,6.0,20.0,6.79,0.087
0.8,0.3,10.0,90.0,9.0,6.0,30.0,1.29,0.145
0.8,0.6,40.0,60.0,3.0,6.0,10.0,-0.184,-0.005
0.8,0.3,10.0,90.0,9.0,0.0,30.0,1.26,0.182
0.9,0.6,20.0,0.0,0.0,9.0,30.0,14.5,0.145
0.9,0.6,20.0,30.0,0.0,6.0,30.0,4.17,0.053
1.0,0.6,25.0,30.0,0.0,6.0,30.0,7.71,0.08
0.9,0.1,15.0,0.0,0.0,3.0,20.0,1.25,0.169
0.8,0.3,20.0,60.0,0.0,6.0,20.0,0.49,0.018
0.9,0.1,15.0,0.0,0.0,6.0,30.0,1.18,0.2
0.9,0.6,15.0,150.0,9.0,6.0,30.0,11.1,0.128
0.8,0.3,10.0,60.0,9.0,3.0,30.0,3.37,0.056
0.6,0.3,10.0,60.0,9.0,3.0,10.0,3.0050000000000003,0.0495
0.9,0.3,20.0,120.0,3.0,3.0,30.0,4.13,0.092
0.9,0.6,15.0,150.0,3.0,6.0,15.0,0.497,0.028
0.9,0.4,40.0,60.0,0.0,6.0,10.0,1.01,0.062
0.6,0.1,15.0,60.0,9.0,3.0,30.0,0.363,0.018
0.9,0.4,40.0,60.0,0.0,6.0,30.0,2.69,0.115
0.7,0.6,25.0,30.0,0.0,3.0,30.0,9.48,0.138
0.8,0.4,10.0,60.0,9.0,9.0,15.0,2.81,0.058
0.8,0.3,10.0,90.0,0.0,3.0,10.0,5.03,0.078
0.9,0.1,15.0,60.0,0.0,6.0,10.0,0.484,0.031
0.8,0.3,10.0,90.0,0.0,9.0,30.0,0.922,0.064
0.9,0.6,20.0,0.0,0.0,6.0,40.0,3.6,0.086
0.6,0.6,30.0,0.0,0.0,6.0,30.0,3.41,0.108
0.6,0.6,20.0,0.0,0.0,6.0,20.0,7.57,0.126
0.6,0.6,25.0,30.0,0.0,3.0,30.0,3.2,0.062
1.0,0.6,20.0,30.0,0.0,3.0,30.0,6.52,0.084
0.9,0.3,10.0,90.0,9.0,6.0,30.0,4.92,0.11
0.9,0.6,25.0,30.0,3.0,6.0,10.0,1.88,0.053
0.9,0.4,20.0,90.0,3.0,6.0,15.0,0.665,0.045
0.6,0.5,20.0,60.0,9.0,3.0,10.0,2.84,0.088
0.9,0.6,20.0,30.0,0.0,3.0,25.0,4.44,0.102
0.9,0.6,20.0,30.0,9.0,9.0,15.0,7.18,0.115
0.8,0.5,30.0,60.0,9.0,6.0,10.0,2.39,0.059
0.6,0.5,30.0,60.0,0.0,6.0,20.0,4.98,0.083
0.8,0.5,20.0,90.0,9.0,9.0,30.0,4.24,0.104
0.9,0.6,20.0,30.0,0.0,6.0,10.0,1.84,0.041
0.9,0.1,25.0,60.0,0.0,6.0,35.0,2.72,0.092
0.6,0.6,20.0,180.0,9.0,0.0,10.0,3.56,0.076
1.0,0.6,35.0,60.0,6.0,6.0,35.0,7.66,0.116
1.0,0.1,5.0,30.0,0.0,3.0,30.0,2.31,0.06
0.8,0.5,20.0,0.0,0.0,6.0,10.0,4.91,0.084
0.9,0.6,25.0,30.0,9.0,6.0,15.0,4.96,0.098
0.9,0.3,10.0,90.0,9.0,3.0,25.0,2.2785,0.0745
0.8,0.5,20.0,90.0,9.0,3.0,10.0,0.287,0.019
0.9,0.6,20.0,30.0,0.0,3.0,30.0,3.15,0.078
1.0,0.6,20.0,30.0,0.0,6.0,30.0,4.77,0.095
0.7,0.6,25.0,30.0,0.0,6.0,30.0,6.56,0.11
0.6,0.5,30.0,60.0,9.0,6.0,20.0,2.28,0.072
0.9,0.6,20.0,30.0,0.0,9.0,15.0,4.61,0.074
0.9,0.3,10.0,90.0,9.0,3.0,30.0,2.9435000000000002,0.0825
0.7,0.6,25.0,30.0,0.0,6.0,10.0,-0.095,-0.004
0.6,0.6,25.0,30.0,0.0,6.0,30.0,2.81,0.071
1.0,0.6,20.0,30.0,0.0,6.0,10.0,4.36,0.076
0.6,0.5,30.0,60.0,3.0,3.0,20.0,6.98,0.124
0.8,0.6,20.0,30.0,0.0,6.0,30.0,2.67,0.074
0.6,0.6,25.0,30.0,0.0,6.0,10.0,3.75,0.067
0.8,0.6,20.0,0.0,0.0,6.0,30.0,5.29,0.103
0.9,0.6,20.0,0.0,0.0,6.0,10.0,1.91,0.043
0.7,0.6,25.0,30.0,9.0,6.0,30.0,1.82,0.058
0.9,0.6,35.0,60.0,3.0,6.0,30.0,3.51,0.082
0.6,0.3,10.0,90.0,9.0,3.0,10.0,4.0,0.076
0.7,0.6,25.0,60.0,0.0,6.0,30.0,5.425,0.111
0.9,0.1,15.0,0.0,0.0,6.0,10.0,3.97,0.086
0.9,0.1,15.0,0.0,0.0,3.0,35.0,3.64,0.067
0.9,0.3,20.0,60.0,0.0,6.0,30.0,5.09,0.106
0.9,0.1,20.0,0.0,0.0,3.0,30.0,1.87,0.045
0.7,0.1,25.0,30.0,0.0,6.0,30.0,1.75,0.065
0.6,0.6,25.0,0.0,0.0,3.0,10.0,3.04,0.074
0.9,0.6,30.0,60.0,9.0,6.0,30.0,4.17,0.076
1.0,0.1,15.0,0.0,0.0,3.0,30.0,6.35,0.121
0.9,0.1,15.0,30.0,0.0,6.0,30.0,2.53,0.076
0.6,0.1,25.0,60.0,0.0,6.0,20.0,3.08,0.088
0.9,0.1,25.0,60.0,0.0,6.0,30.0,1.89,0.049
0.9,0.2,25.0,30.0,3.0,6.0,30.0,1.77,0.069
0.9,0.6,30.0,0.0,0.0,6.0,30.0,3.55,0.072
0.9,0.6,30.0,30.0,0.0,9.0,15.0,3.485,0.069
0.9,0.5,30.0,60.0,9.0,6.0,30.0,6.26,0.12
0.9,0.5,20.0,0.0,0.0,6.0,30.0,4.17,0.1
0.9,0.6,20.0,0.0,0.0,3.0,30.0,4.99,0.088
0.8,0.6,25.0,30.0,9.0,9.0,20.0,4.61,0.104
0.9,0.6,20.0,0.0,6.0,6.0,30.0,2.83,0.063
0.9,0.3,10.0,90.0,0.0,9.0,30.0,2.166,0.054000000000000006
0.8,0.5,30.0,0.0,9.0,6.0,10.0,3.58,0.073
0.9,0.6,20.0,30.0,0.0,6.0,15.0,3.8,0.059
0.9,0.6,20.0,30.0,9.0,6.0,30.0,6.38,0.119
0.9,0.1,25.0,60.0,0.0,3.0,35.0,3.32,0.094
0.9,0.6,5.0,180.0,0.0,6.0,10.0,3.32,0.055
1.0,0.2,15.0,180.0,0.0,0.0,30.0,5.15,0.098
1.0,0.2,15.0,60.0,0.0,0.0,30.0,3.48,0.066
1.0,0.2,30.0,150.0,3.0,0.0,30.0,3.07,0.054
1.0,0.6,25.0,30.0,6.0,6.0,35.0,3.9,0.075
1.0,0.6,35.0,30.0,6.0,0.0,25.0,4.895,0.077
0.9,0.6,40.0,30.0,9.0,6.0,20.0,3.45,0.049
0.9,0.5,15.0,150.0,9.0,6.0,30.0,4.44,0.072
0.9,0.6,20.0,0.0,0.0,3.0,25.0,2.44,0.079
1.0,0.2,25.0,120.0,3.0,0.0,30.0,5.11,0.116
0.9,0.3,20.0,180.0,6.0,3.0,20.0,-0.115,-0.072
0.9,0.1,15.0,60.0,0.0,0.0,15.0,1.308,0.051
0.7,0.3,35.0,60.0,6.0,3.0,20.0,1.774,0.216
0.7,0.1,15.0,150.0,3.0,6.0,10.0,-0.114,-0.25
0.9,0.1,10.0,60.0,9.0,3.0,15.0,0.525,0.038
0.7,0.2,15.0,120.0,3.0,6.0,15.0,-0.02,-0.026
0.9,0.5,30.0,60.0,3.0,0.0,25.0,5.037,0.13
0.9,0.5,20.0,60.0,9.0,3.0,10.0,0.35,0.018
0.9,0.1,10.0,60.0,0.0,9.0,15.0,-0.03,-0.02
0.9,0.2,15.0,60.0,0.0,3.0,15.0,1.227,0.062
0.7,0.2,15.0,120.0,0.0,6.0,15.0,1.367,0.205
0.6,0.5,15.0,0.0,6.0,9.0,25.0,1.127,0.117
0.9,0.2,20.0,180.0,6.0,3.0,20.0,0.459,0.036
0.7,0.6,10.0,180.0,6.0,6.0,30.0,0.626,0.065
0.9,0.1,10.0,60.0,0.0,3.0,20.0,4.38,0.131
1.0,0.6,20.0,30.0,6.0,6.0,20.0,2.595,0.074
1.0,0.3,10.0,120.0,9.0,3.0,15.0,1.016,0.107
1.0,0.6,20.0,30.0,6.0,6.0,35.0,5.423,0.122
0.6,0.3,10.0,30.0,9.0,3.0,10.0,0.59,0.075
1.0,0.2,10.0,30.0,9.0,3.0,15.0,3.788,0.133
1.0,0.6,10.0,30.0,6.0,6.0,30.0,3.152,0.087
1.0,0.2,10.0,60.0,3.0,3.0,15.0,0.523,0.125
0.9,0.5,15.0,180.0,9.0,6.0,30.0,1.087,0.06
0.6,0.3,20.0,60.0,9.0,3.0,10.0,2.086,0.075
0.6,0.3,10.0,120.0,9.0,3.0,10.0,0.3225,-0.03849999999999999
1.0,0.6,20.0,30.0,6.0,6.0,15.0,5.968,0.094
0.6,0.6,25.0,150.0,0.0,6.0,35.0,0.247,0.034
0.6,0.6,15.0,150.0,6.0,0.0,25.0,2.256,0.103
0.9,0.6,20.0,0.0,0.0,9.0,20.0,3.042,0.079
0.6,0.5,20.0,0.0,0.0,6.0,20.0,3.379,0.107
0.9,0.6,20.0,150.0,9.0,6.0,30.0,1.924,0.141
0.9,0.6,25.0,30.0,9.0,9.0,15.0,2.065,0.066
0.9,0.5,20.0,0.0,0.0,6.0,20.0,3.52,0.084
1.0,0.6,40.0,30.0,9.0,6.0,25.0,4.516,0.091
0.8,0.5,20.0,0.0,0.0,6.0,20.0,5.399,0.098
1.0,0.6,30.0,30.0,0.0,6.0,30.0,2.352,0.07
0.9,0.6,15.0,0.0,0.0,6.0,20.0,3.477,0.098
0.7,0.6,15.0,120.0,3.0,6.0,25.0,2.66,0.09
0.6,0.3,10.0,180.0,3.0,3.0,35.0,1.711,0.137
0.8,0.3,10.0,180.0,3.0,3.0,35.0,1.967,0.066
0.8,0.5,30.0,60.0,3.0,3.0,35.0,3.6,0.085
0.8,0.3,30.0,60.0,3.0,3.0,35.0,4.379,0.097
0.9,0.5,20.0,60.0,9.0,3.0,25.0,5.285,0.098
0.7,0.5,5.0,0.0,9.0,3.0,25.0,2.422,0.078
0.9,0.5,30.0,90.0,3.0,6.0,15.0,2.402,0.084
1.0,0.3,30.0,180.0,3.0,9.0,10.0,1.633,0.135
0.9,0.3,30.0,60.0,3.0,6.0,15.0,2.209,0.08
0.8,0.4,35.0,90.0,3.0,3.0,25.0,3.422,0.087
0.7,0.5,5.0,0.0,3.0,6.0,35.0,4.128,0.106
0.9,0.5,30.0,60.0,3.0,6.0,15.0,4.951,0.095
0.7,0.4,5.0,0.0,3.0,3.0,25.0,2.3,0.08
0.7,0.5,5.0,150.0,0.0,6.0,35.0,2.595,0.094
0.9,0.6,20.0,60.0,0.0,6.0,30.0,2.848,0.083
1.0,0.6,30.0,30.0,6.0,6.0,20.0,3.583,0.095
0.9,0.6,15.0,90.0,9.0,6.0,30.0,2.29,0.075
0.9,0.6,30.0,60.0,3.0,0.0,30.0,3.61,0.08
0.9,0.6,20.0,90.0,9.0,6.0,30.0,3.967,0.097
1.0,0.6,30.0,30.0,6.0,9.0,10.0,5.091,0.081
1.0,0.6,35.0,60.0,3.0,0.0,25.0,2.704,0.074
0.6,0.3,5.0,120.0,3.0,3.0,25.0,2.349,0.094
1.0,0.6,30.0,60.0,6.0,9.0,30.0,3.322,0.081
0.7,0.5,10.0,90.0,0.0,0.0,10.0,2.859,0.085
0.9,0.6,30.0,60.0,9.0,9.0,30.0,2.881,0.079
0.9,0.6,20.0,30.0,9.0,9.0,30.0,4.019,0.084
0.7,0.5,10.0,30.0,0.0,0.0,10.0,3.606,0.095
0.6,0.2,30.0,150.0,3.0,3.0,25.0,4.701,0.08
0.9,0.6,30.0,60.0,6.0,6.0,30.0,2.925,0.075
0.6,0.1,15.0,30.0,6.0,0.0,30.0,2.162,0.094
0.7,0.3,40.0,180.0,9.0,0.0,25.0,-0.278,0.078
0.7,0.3,40.0,30.0,6.0,0.0,10.0,-0.478,-0.026
1.0,0.3,40.0,30.0,6.0,0.0,10.0,2.729,0.056
0.6,0.3,40.0,0.0,3.0,0.0,10.0,-0.232,-0.018
0.7,0.3,15.0,180.0,9.0,6.0,25.0,-0.2,-0.269
0.8,0.3,40.0,0.0,3.0,0.0,10.0,2.499,0.088
0.9,0.3,40.0,0.0,3.0,0.0,10.0,2.653,0.083
1.0,0.3,40.0,0.0,3.0,0.0,10.0,1.269,0.04
1.0,0.3,15.0,180.0,9.0,0.0,25.0,-0.27,0.109
0.7,0.3,40.0,0.0,3.0,9.0,10.0,0.055,0.003
0.8,0.3,15.0,180.0,9.0,0.0,25.0,2.106,0.054
0.7,0.3,15.0,180.0,9.0,0.0,25.0,-0.258,-0.026
0.6,0.3,15.0,180.0,9.0,0.0,25.0,-0.293,-0.539
0.6,0.3,40.0,90.0,0.0,3.0,35.0,1.967,0.193
0.7,0.5,30.0,60.0,3.0,6.0,10.0,0.7,0.036
0.6,0.6,10.0,120.0,3.0,6.0,25.0,0.435,0.039
0.8,0.1,35.0,0.0,0.0,0.0,30.0,3.669,0.469
0.7,0.5,25.0,120.0,6.0,3.0,10.0,-2.106,-0.252
0.7,0.1,35.0,0.0,0.0,0.0,30.0,3.199,0.628
1.0,0.6,10.0,120.0,3.0,6.0,25.0,3.272,0.051
0.7,0.5,10.0,0.0,0.0,3.0,10.0,2.379,0.111
0.6,0.1,35.0,0.0,0.0,0.0,30.0,1.181,0.096
0.6,0.2,15.0,120.0,0.0,0.0,30.0,0.209,0.029
0.7,0.6,15.0,0.0,0.0,6.0,25.0,5.445,0.165
1.0,0.5,25.0,120.0,6.0,3.0,30.0,-1.86,-0.149
1.0,0.1,35.0,0.0,0.0,0.0,10.0,3.605,0.555
1.0,0.2,15.0,120.0,0.0,0.0,10.0,-0.26,-0.782
0.8,0.3,10.0,120.0,6.0,6.0,25.0,1.7715,0.053
1.0,0.1,35.0,0.0,6.0,0.0,30.0,3.693,0.189
1.0,0.3,40.0,90.0,3.0,9.0,20.0,1.8005,0.1615
1.0,0.6,20.0,30.0,6.0,6.0,10.0,4.371,0.077
0.8,0.6,20.0,0.0,0.0,6.0,25.0,0.655,0.021
1.0,0.3,40.0,90.0,3.0,9.0,25.0,3.415,0.602
0.6,0.6,20.0,0.0,0.0,6.0,25.0,2.992,0.141
1.0,0.5,20.0,0.0,3.0,3.0,30.0,6.367,0.09
1.0,0.2,25.0,150.0,3.0,0.0,25.0,3.304,0.193
1.0,0.2,25.0,150.0,3.0,0.0,35.0,1.519,0.16
1.0,0.6,20.0,0.0,0.0,6.0,30.0,4.38,0.086
1.0,0.3,35.0,90.0,3.0,9.0,30.0,0.731,0.027
0.9,0.3,35.0,60.0,0.0,0.0,30.0,3.4435000000000002,0.2355
1.0,0.3,10.0,90.0,3.0,9.0,20.0,2.725,0.139
0.9,0.5,25.0,60.0,3.0,0.0,25.0,6.208,0.094
1.0,0.6,20.0,30.0,6.0,6.0,25.0,4.339,0.094
0.8,0.6,10.0,0.0,0.0,0.0,10.0,4.172,0.083
0.6,0.6,20.0,180.0,9.0,0.0,20.0,0.506,0.022
0.8,0.5,15.0,0.0,0.0,6.0,10.0,3.815,0.288
0.8,0.2,25.0,120.0,0.0,9.0,15.0,2.442,0.138
0.9,0.6,10.0,180.0,6.0,3.0,20.0,5.273,0.083
0.8,0.2,30.0,120.0,0.0,9.0,15.0,3.932,0.093
0.6,0.2,15.0,30.0,9.0,0.0,20.0,1.289,0.162
0.6,0.1,10.0,180.0,6.0,6.0,15.0,3.859,0.083
0.6,0.2,10.0,180.0,6.0,3.0,20.0,3.503,0.077
1.0,0.3,30.0,0.0,0.0,0.0,15.0,1.222,0.045
0.6,0.2,25.0,180.0,6.0,3.0,20.0,3.454,0.286
0.9,0.3,30.0,0.0,0.0,0.0,10.0,2.758,0.141
1.0,0.3,40.0,150.0,3.0,0.0,25.0,4.704,0.086
0.6,0.6,30.0,180.0,6.0,0.0,25.0,3.019,0.085
1.0,0.6,20.0,0.0,0.0,9.0,30.0,6.298,0.087
1.0,0.6,40.0,30.0,6.0,6.0,20.0,4.975,0.071
1.0,0.6,20.0,30.0,0.0,6.0,20.0,3.12,0.069
1.0,0.6,20.0,30.0,9.0,9.0,15.0,4.33,0.131
0.9,0.6,25.0,30.0,9.0,9.0,20.0,3.425,0.104
0.9,0.6,20.0,30.0,6.0,6.0,15.0,6.447,0.086
1.0,0.5,20.0,30.0,0.0,3.0,30.0,3.796,0.096
0.9,0.5,40.0,90.0,0.0,9.0,25.0,3.308,0.089
1.0,0.2,40.0,90.0,3.0,6.0,25.0,2.962,0.072
1.0,0.2,20.0,120.0,9.0,3.0,15.0,4.141,0.131
1.0,0.5,35.0,60.0,6.0,0.0,25.0,3.989,0.102
1.0,0.3,40.0,90.0,3.0,6.0,25.0,6.167,0.093
0.9,0.4,40.0,90.0,3.0,6.0,25.0,3.614,0.099
0.9,0.1,40.0,90.0,9.0,3.0,25.0,1.876,0.174
1.0,0.2,40.0,90.0,3.0,3.0,25.0,3.339,0.099
0.6,0.2,20.0,120.0,6.0,3.0,25.0,4.474,0.077
0.9,0.2,20.0,30.0,9.0,3.0,25.0,2.865,0.074
0.9,0.2,20.0,120.0,9.0,6.0,15.0,3.97,0.131
0.9,0.2,20.0,30.0,9.0,3.0,15.0,3.796,0.103
1.0,0.2,40.0,120.0,3.0,6.0,25.0,5.794,0.096
0.9,0.2,40.0,90.0,3.0,9.0,25.0,3.294,0.098
0.9,0.3,40.0,180.0,6.0,0.0,25.0,0.217,0.0885
1.0,0.3,40.0,180.0,6.0,0.0,25.0,1.1149999999999998,0.1175
1.0,0.3,25.0,90.0,3.0,0.0,25.0,2.328,0.296
1.0,0.6,20.0,90.0,0.0,6.0,30.0,0.625,0.008
0.7,0.6,20.0,90.0,0.0,6.0,30.0,0.474,0.029
1.0,0.3,25.0,90.0,3.0,9.0,25.0,0.71,0.722
1.0,0.6,20.0,90.0,9.0,6.0,30.0,0.512,0.01
0.9,0.2,10.0,150.0,9.0,6.0,35.0,-0.395,0.055
0.6,0.6,20.0,90.0,3.0,3.0,30.0,1.181,0.045
1.0,0.3,40.0,180.0,6.0,6.0,25.0,1.8170000000000002,0.2185
1.0,0.3,10.0,150.0,3.0,6.0,25.0,0.641,0.01
1.0,0.2,10.0,0.0,3.0,6.0,15.0,3.283,0.404
1.0,0.6,40.0,60.0,6.0,0.0,25.0,5.281,0.06
1.0,0.6,30.0,60.0,6.0,0.0,25.0,3.57,0.041
1.0,0.6,15.0,0.0,0.0,6.0,30.0,6.788,0.11
1.0,0.3,40.0,150.0,3.0,0.0,30.0,0.562,0.015
0.8,0.3,30.0,60.0,0.0,3.0,35.0,3.264,0.294
1.0,0.3,30.0,180.0,0.0,9.0,30.0,0.35,0.025
0.6,0.1,10.0,180.0,9.0,6.0,15.0,4.643,0.06
1.0,0.6,15.0,0.0,0.0,3.0,30.0,6.976,0.07
0.8,0.3,20.0,90.0,6.0,6.0,15.0,1.103,0.053
0.8,0.5,25.0,30.0,3.0,6.0,15.0,6.044,0.106
0.8,0.5,25.0,30.0,0.0,6.0,10.0,1.286,0.033
1.0,0.6,35.0,60.0,0.0,0.0,25.0,4.469,0.097
0.9,0.3,15.0,60.0,0.0,6.0,30.0,0.956,0.261
0.9,0.6,15.0,30.0,9.0,9.0,15.0,3.109,0.038
0.9,0.6,15.0,30.0,6.0,6.0,15.0,6.2,0.066
0.8,0.6,15.0,0.0,0.0,6.0,30.0,6.647,0.113
0.7,0.5,30.0,30.0,3.0,9.0,25.0,3.655,0.1
0.8,0.2,35.0,90.0,6.0,9.0,15.0,3.937,0.102
0.9,0.6,15.0,30.0,0.0,9.0,15.0,2.075,0.079
0.8,0.3,15.0,90.0,6.0,9.0,15.0,2.794,0.038
0.8,0.3,15.0,120.0,0.0,6.0,25.0,5.572,0.066
0.8,0.3,5.0,90.0,6.0,9.0,15.0,1.009,0.055
0.9,0.6,15.0,60.0,0.0,6.0,30.0,6.318,0.102
0.6,0.2,15.0,30.0,6.0,0.0,25.0,3.208,0.101
0.6,0.2,15.0,120.0,9.0,6.0,30.0,3.428,0.101
0.9,0.6,5.0,30.0,0.0,9.0,20.0,5.37,0.066
0.9,0.6,15.0,30.0,0.0,9.0,20.0,2.211,0.068
0.9,0.5,15.0,0.0,0.0,6.0,20.0,6.364,0.104
0.8,0.2,20.0,30.0,9.0,3.0,20.0,3.013,0.102
0.9,0.6,30.0,30.0,9.0,6.0,20.0,4.282,0.088
0.9,0.6,20.0,60.0,0.0,9.0,30.0,1.63,0.068
0.7,0.5,20.0,30.0,0.0,6.0,20.0,1.88,0.07
0.7,0.5,15.0,0.0,0.0,6.0,20.0,2.868,0.051
0.9,0.5,40.0,30.0,9.0,6.0,25.0,6.636,0.079
0.9,0.5,40.0,60.0,9.0,6.0,30.0,3.444,0.098
1.0,0.2,20.0,180.0,9.0,3.0,15.0,6.213,0.104
1.0,0.2,20.0,0.0,9.0,3.0,15.0,2.971,0.106
0.9,0.6,40.0,30.0,0.0,9.0,15.0,3.994,0.059
0.6,0.4,15.0,120.0,0.0,3.0,35.0,1.383,0.065
0.9,0.5,40.0,30.0,9.0,6.0,20.0,3.566,0.098
0.9,0.6,20.0,60.0,9.0,3.0,30.0,3.361,0.058
0.7,0.6,40.0,60.0,9.0,3.0,10.0,3.761,0.053
0.7,0.4,10.0,150.0,6.0,0.0,15.0,3.01,0.095
0.6,0.4,15.0,90.0,0.0,0.0,35.0,5.145,0.104
0.6,0.6,25.0,30.0,0.0,3.0,25.0,2.966,0.102
0.7,0.6,10.0,150.0,3.0,6.0,30.0,3.517,0.06
0.6,0.1,20.0,30.0,9.0,6.0,20.0,1.21,0.065
1.0,0.2,25.0,60.0,6.0,9.0,35.0,3.416,0.101
0.6,0.2,25.0,180.0,9.0,0.0,35.0,3.186,0.057
0.7,0.6,40.0,60.0,9.0,9.0,10.0,2.649,0.043
0.9,0.5,15.0,120.0,0.0,3.0,30.0,2.822,0.091
0.6,0.6,10.0,90.0,6.0,3.0,20.0,4.391,0.102
1.0,0.2,40.0,180.0,3.0,0.0,30.0,2.875,0.107
1.0,0.2,25.0,60.0,6.0,9.0,25.0,3.343,0.061
1.0,0.3,40.0,90.0,3.0,6.0,30.0,3.464,0.113
1.0,0.6,25.0,90.0,6.0,6.0,20.0,2.417,0.044
1.0,0.6,25.0,30.0,6.0,6.0,15.0,3.856,0.087
1.0,0.4,40.0,90.0,3.0,6.0,25.0,4.28,0.106
0.9,0.3,40.0,90.0,3.0,6.0,25.0,3.362,0.119
0.9,0.2,40.0,60.0,0.0,0.0,30.0,2.646,0.051
1.0,0.2,40.0,90.0,3.0,6.0,30.0,2.794,0.05
0.8,0.4,25.0,30.0,3.0,6.0,15.0,3.767,0.087
0.9,0.4,40.0,60.0,0.0,0.0,30.0,4.565,0.113
0.9,0.1,15.0,60.0,6.0,9.0,15.0,2.712,0.107
0.9,0.5,15.0,30.0,6.0,6.0,15.0,3.176,0.063
1.0,0.6,25.0,120.0,9.0,6.0,20.0,-3.573,-0.076
0.6,0.5,10.0,0.0,3.0,0.0,10.0,1.075,0.088
0.8,0.6,25.0,120.0,9.0,6.0,20.0,-1.371,-0.062
0.6,0.6,5.0,150.0,3.0,6.0,35.0,1.562,0.12
0.8,0.6,5.0,150.0,3.0,6.0,35.0,3.027,0.098
0.9,0.6,5.0,150.0,3.0,6.0,35.0,4.409,0.095
1.0,0.2,10.0,150.0,9.0,6.0,35.0,-3.021,-0.076
0.8,0.1,10.0,150.0,9.0,0.0,35.0,0.956,0.087
0.8,0.6,5.0,150.0,0.0,0.0,25.0,0.642,0.022
0.8,0.4,5.0,150.0,9.0,9.0,10.0,1.292,0.105
0.7,0.2,10.0,150.0,9.0,6.0,35.0,1.813,0.095
1.0,0.6,25.0,120.0,9.0,3.0,20.0,-1.577,-0.078
0.6,0.5,15.0,0.0,0.0,0.0,10.0,2.312,0.094
1.0,0.3,35.0,30.0,9.0,9.0,10.0,2.6,0.086
0.9,0.3,40.0,60.0,0.0,0.0,25.0,2.812,0.092
0.9,0.3,35.0,60.0,6.0,0.0,30.0,2.793,0.197
0.9,0.1,15.0,60.0,0.0,0.0,25.0,1.085,0.112
0.9,0.3,35.0,60.0,3.0,0.0,25.0,3.277,0.173
0.9,0.1,20.0,90.0,6.0,6.0,30.0,-1.268,-0.079
0.9,0.3,25.0,180.0,6.0,0.0,10.0,2.077,0.306
0.9,0.5,30.0,60.0,6.0,0.0,25.0,2.73,0.074
0.6,0.3,40.0,180.0,6.0,6.0,25.0,-1.202,-0.094
0.9,0.3,40.0,180.0,6.0,6.0,25.0,1.645,0.326
