5.095087289810180664e-01,-5.487450361251831055e-01
7.782620429992675781e+00,5.142611980438232422e+00
1.084890842437744141e+00,2.447202682495117188e+00
-5.266876816749572754e-01,-2.268389016389846802e-01
6.209448337554931641e+00,-3.689478158950805664e+00
7.721683025360107422e+00,2.158791869878768921e-01
6.976644992828369141e-01,-1.727392554283142090e+00
-5.547682642936706543e-01,-3.602334558963775635e-01
-8.128756284713745117e-01,3.667863085865974426e-02
5.501617908477783203e+00,-4.230694770812988281e+00
7.190474867820739746e-01,-1.642448663711547852e+00
2.595263481140136719e+00,-9.144302606582641602e-01
1.979043722152709961e+00,-1.965229272842407227e+00
-1.212638686411082745e-03,-8.085439205169677734e-01
2.717937946319580078e+00,-1.588344812393188477e+00
1.966951847076416016e+00,-2.864444732666015625e+00
1.894739031791687012e+00,8.162288665771484375e+00
3.087699413299560547e-02,-1.478070497512817383e+00
3.177420794963836670e-01,9.542451500892639160e-01
-3.494625389575958252e-01,4.411946982145309448e-02
4.655450344085693359e+00,6.142049312591552734e+00
-4.111042916774749756e-01,1.417582511901855469e+00
-5.008559823036193848e-01,1.132588267326354980e+00
3.713130950927734375e+00,-1.440641582012176514e-01
1.842800498008728027e+00,-3.471069574356079102e+00
2.038964033126831055e+00,-1.927842617034912109e+00
1.416744112968444824e+00,-1.481076836585998535e+00
-1.304813027381896973e-01,5.485697388648986816e-01
3.483767747879028320e+00,2.101961135864257812e+00
7.065962553024291992e-01,1.405284643173217773e+00
-5.291898250579833984e-01,-1.466264486312866211e+00
-1.467003822326660156e-01,-1.742940098047256470e-01
9.024705886840820312e-01,-5.738346576690673828e+00
1.028167128562927246e+00,1.237093091011047363e+00
-4.662383794784545898e-01,-1.256189197301864624e-01
6.673895359039306641e+00,1.770482897758483887e+00
1.631269335746765137e+00,3.169971704483032227e-01
-1.780574470758438110e-01,3.254811465740203857e-01
3.583074331283569336e+00,-2.922937393188476562e+00
6.644714355468750000e+00,1.358456134796142578e+01
8.935518860816955566e-01,8.447321653366088867e-01
1.969662547111511230e+00,-1.873768925666809082e+00
6.253405094146728516e+00,-5.899222373962402344e+00
8.896813541650772095e-02,-1.365390270948410034e-01
-3.251294493675231934e-01,1.041254162788391113e+00
-6.765697002410888672e-01,4.790965020656585693e-01
2.020413637161254883e+00,-3.367103040218353271e-01
9.427718818187713623e-02,1.158360987901687622e-01
1.047083187103271484e+01,3.433762073516845703e+00
-1.786522865295410156e-01,7.310476899147033691e-01
-5.057960152626037598e-01,1.250978857278823853e-01
3.803752958774566650e-01,7.146403789520263672e-01
1.083417773246765137e+00,-1.243630170822143555e+00
3.186330795288085938e+00,-4.053586959838867188e+00
2.821927309036254883e+00,7.979302883148193359e+00
3.112380027770996094e+00,3.984045982360839844e+00
2.353481769561767578e+00,7.571081519126892090e-01
-2.230387926101684570e-01,1.987187623977661133e+00
2.436360120773315430e+00,-1.812882423400878906e+00
-3.998726308345794678e-01,2.563258171081542969e+00
-1.088300347328186035e+00,5.602988004684448242e-01
-6.518925428390502930e-01,4.148976325988769531e+00
4.140546798706054688e+00,-3.116070508956909180e+00
2.000854611396789551e-01,-8.647598624229431152e-01
1.613799214363098145e+00,1.035336017608642578e+00
-7.677469253540039062e-01,-3.408483266830444336e-01
5.095000743865966797e+00,2.626325607299804688e+00
-6.042324900627136230e-01,1.110948547720909119e-01
-6.757193803787231445e-01,2.572073042392730713e-01
-4.125479161739349365e-01,-5.551612377166748047e-02
-9.595080614089965820e-01,1.125034168362617493e-01
-4.226665496826171875e-01,-1.830879449844360352e-01
1.094976067543029785e+00,1.756407260894775391e+00
-5.640789866447448730e-03,-2.529673278331756592e-01
-1.117052555084228516e+00,4.967547357082366943e-01
1.778523445129394531e+00,-3.387800216674804688e+00
-2.713649570941925049e-01,1.213050246238708496e+00
-5.125483870506286621e-01,2.347781360149383545e-01
-9.370049834251403809e-01,-3.830942511558532715e-01
-8.429200649261474609e-01,7.641684412956237793e-01
1.790348529815673828e+00,-2.481725454330444336e+00
1.230068922042846680e+00,1.633750915527343750e+00
-9.002159237861633301e-01,-5.642483830451965332e-01
1.746611595153808594e+00,-2.917714118957519531e+00
8.056052327156066895e-01,1.200944542884826660e+00
6.209447383880615234e-01,5.947510004043579102e-01
-4.932950139045715332e-01,-1.446405291557312012e+00
-7.529894113540649414e-01,-3.984713554382324219e-01
-5.005641579627990723e-01,-1.524855375289916992e+00
-5.513994097709655762e-01,-1.781685948371887207e+00
-4.389377236366271973e-01,-6.138150691986083984e-01
-1.015609979629516602e+00,6.993706226348876953e+00
-5.022367835044860840e-01,-1.534821271896362305e+00
-5.430699586868286133e-01,-1.697796702384948730e+00
6.736273169517517090e-01,7.055847048759460449e-01
-6.181732416152954102e-01,-1.078434109687805176e+00
4.934523582458496094e+00,4.155898094177246094e+00
1.664295673370361328e+00,-2.163326740264892578e+00
5.767796516418457031e+00,-3.885289430618286133e+00
1.009091019630432129e+00,5.984116792678833008e-01
4.356917858123779297e+00,-1.274303913116455078e+00
2.116680383682250977e+00,-2.553788900375366211e+00
1.104373216629028320e+00,2.058290004730224609e+00
8.874039649963378906e-01,4.962129116058349609e+00
5.514070987701416016e+00,-1.257395505905151367e+00
8.874039649963378906e-01,4.962129116058349609e+00
3.366206169128417969e+00,-3.729974031448364258e+00
8.201705217361450195e-01,5.265038490295410156e+00
2.899105787277221680e+00,-3.139884710311889648e+00
9.929395318031311035e-01,4.898404121398925781e+00
3.084761857986450195e+00,-3.768489837646484375e+00
1.746430277824401855e+00,-3.304673194885253906e+00
4.632092475891113281e+00,9.886923789978027344e+00
2.434469938278198242e+00,5.424532890319824219e+00
5.126273155212402344e+00,-3.766608238220214844e+00
5.701879501342773438e+00,-1.304495692253112793e+00
6.903828620910644531e+00,-2.069684505462646484e+00
3.794860601425170898e+00,7.466397285461425781e+00
2.129210710525512695e+00,-2.526031434535980225e-01
5.736085414886474609e+00,4.535317718982696533e-01
4.263287544250488281e+00,1.017421340942382812e+01
5.946028709411621094e+00,-1.283970952033996582e+00
4.393418788909912109e+00,9.461091041564941406e+00
8.030465126037597656e+00,4.908430099487304688e+00
5.124693870544433594e+00,1.695187568664550781e+00
4.112888813018798828e+00,-1.356568098068237305e+00
1.787042140960693359e+00,-3.353953838348388672e+00
3.004358291625976562e+00,-4.071252822875976562e+00
8.323271751403808594e+00,-8.477491378784179688e+00
1.131415605545043945e+00,-3.176330566406250000e+00
6.296106576919555664e-01,-2.316211700439453125e+00
2.265241861343383789e+00,-2.688003778457641602e+00
1.085964918136596680e+00,-2.411735534667968750e+00
4.004615306854248047e+00,-2.895013809204101562e+00
2.883983612060546875e+00,2.658171653747558594e+00
5.715997219085693359e+00,-7.305508136749267578e+00
6.118416309356689453e+00,-1.880832552909851074e+00
4.058802604675292969e+00,-4.272780895233154297e+00
2.640930712223052979e-01,5.347685888409614563e-02
-3.521442115306854248e-01,2.092359811067581177e-01
1.071769356727600098e+00,1.616849541664123535e+00
3.155901432037353516e+00,-2.925348520278930664e+00
3.225449621677398682e-01,8.537315368652343750e+00
3.156501770019531250e+00,-4.220909595489501953e+00
2.381271362304687500e+00,6.944828987121582031e+00
8.208703994750976562e+00,-4.114549160003662109e-01
1.336666703224182129e+00,-3.810779809951782227e+00
1.296280026435852051e+00,-8.315985202789306641e-01
2.285686016082763672e+00,-2.529058933258056641e+00
4.963654518127441406e+00,-8.824582099914550781e-01
3.194122314453125000e+00,-5.653225898742675781e+00
4.216193199157714844e+00,5.129614353179931641e+00
3.488520145416259766e+00,-3.726508617401123047e+00
8.459655046463012695e-01,4.972969532012939453e+00
4.722949504852294922e+00,8.438796997070312500e+00
6.378955245018005371e-01,5.170317888259887695e-01
1.503026604652404785e+00,-2.153014898300170898e+00
5.209247589111328125e+00,-3.318428754806518555e+00
3.400195121765136719e+00,-1.894545555114746094e+00
1.403390020132064819e-01,-5.565411448478698730e-01
1.741705060005187988e+00,6.248927593231201172e+00
4.763102531433105469e+00,-2.144003152847290039e+00
8.704579353332519531e+00,-7.670262455940246582e-01
4.013155460357666016e+00,1.000239181518554688e+01
5.353146076202392578e+00,2.107367753982543945e+00
7.475605964660644531e+00,-3.309811115264892578e+00
3.998831033706665039e+00,4.895598441362380981e-02
5.285111904144287109e+00,-3.767131328582763672e+00
4.854213237762451172e+00,-5.652752518653869629e-01
3.514707326889038086e+00,-3.195460081100463867e+00
5.579946517944335938e+00,-5.454751491546630859e+00
4.829837799072265625e+00,-6.072915077209472656e+00
3.036344051361083984e+00,-2.754021406173706055e+00
5.023416042327880859e+00,-4.675145626068115234e+00
3.574294328689575195e+00,3.666610479354858398e+00
5.057970046997070312e+00,5.924819707870483398e-01
2.930346965789794922e+00,-1.097331762313842773e+00
3.018467187881469727e+00,-7.711370587348937988e-01
3.034944772720336914e+00,-3.463316679000854492e+00
3.715223789215087891e+00,-2.824162006378173828e+00
1.946698427200317383e+00,-3.548970937728881836e+00
1.907203078269958496e+00,-3.289373159408569336e+00
5.076910018920898438e+00,-2.435960292816162109e+00
7.373558521270751953e+00,2.366186857223510742e+00
5.567671298980712891e+00,-6.796171188354492188e+00
5.157463073730468750e+00,3.748805761337280273e+00
5.090731143951416016e+00,2.889289140701293945e+00
4.234025001525878906e+00,-4.505618572235107422e+00
1.293573737144470215e+00,-1.473045468330383301e+00
1.094297170639038086e+00,-1.253979563713073730e+00
7.866546630859375000e+00,2.111320257186889648e+00
4.245747566223144531e+00,-3.478373587131500244e-01
1.941150188446044922e+00,7.140760898590087891e+00
2.823401927947998047e+00,-1.783797144889831543e+00
3.041375398635864258e+00,1.685340046882629395e+00
4.432089328765869141e+00,6.333287954330444336e-01
3.499904870986938477e+00,9.771974563598632812e+00
3.017693281173706055e+00,-2.811085939407348633e+00
2.885579824447631836e+00,2.411455154418945312e+00
3.000746726989746094e+00,-1.801930427551269531e+00
6.893796324729919434e-01,1.320818066596984863e+00
6.139969825744628906e+00,1.107357263565063477e+00
3.037274122238159180e+00,-2.472264051437377930e+00
3.109082937240600586e+00,2.707603693008422852e+00
3.581334352493286133e+00,-2.580688893795013428e-01
5.445897579193115234e+00,9.995146751403808594e+00
5.264391422271728516e+00,2.571908235549926758e+00
5.196530342102050781e+00,4.327711105346679688e+00
-8.327218294143676758e-01,7.250985145568847656e+00
5.555890083312988281e+00,-3.459686517715454102e+00
2.376254081726074219e+00,3.122063398361206055e+00
3.709105253219604492e+00,-5.159185886383056641e+00
5.071104049682617188e+00,-2.558616876602172852e+00
5.331143379211425781e+00,-5.733071327209472656e+00
2.306038618087768555e+00,-4.044277667999267578e+00
3.097159385681152344e+00,-5.170413494110107422e+00
-5.656654834747314453e-01,1.049180030822753906e+00
3.335999011993408203e+00,9.391329884529113770e-01
3.326712131500244141e+00,1.635991930961608887e+00
3.408511638641357422e+00,-4.121317386627197266e+00
1.853642463684082031e+00,-2.111818790435791016e+00
2.124959230422973633e+00,-2.622914075851440430e+00
8.271478652954101562e+00,-1.633355498313903809e+00
4.518406867980957031e+00,-3.364857196807861328e+00
8.358541488647460938e+00,-4.205052375793457031e+00
5.944709777832031250e+00,4.170849025249481201e-01
8.398001670837402344e+00,-5.075138211250305176e-01
1.651812076568603516e+00,-1.501487851142883301e+00
6.369482040405273438e+00,7.431200027465820312e+00
5.471388816833496094e+00,2.239058494567871094e+00
1.068067264556884766e+01,3.538547277450561523e+00
1.441362667083740234e+01,-6.557705998420715332e-01
4.406978607177734375e+00,6.002088546752929688e+00
4.952234268188476562e+00,-5.341531753540039062e+00
8.099364280700683594e+00,-5.828016996383666992e-01
5.928998947143554688e+00,2.420167922973632812e+00
6.776448249816894531e+00,6.446024894714355469e+00
1.006277203559875488e+00,1.770602941513061523e+00
6.264472484588623047e+00,-2.638675212860107422e+00
2.168292760848999023e+00,-2.090026855468750000e+00
3.370201826095581055e+00,-4.000033855438232422e+00
7.300741195678710938e+00,2.757779359817504883e+00
4.973136425018310547e+00,-4.513146400451660156e+00
3.553470849990844727e+00,6.637125611305236816e-01
3.174330949783325195e+00,-1.682793021202087402e+00
1.740923762321472168e+00,-3.064469099044799805e+00
1.153507471084594727e+00,-7.923019528388977051e-01
5.354599952697753906e+00,1.099052906036376953e+00
2.747333288192749023e+00,-2.041299343109130859e+00
5.097626686096191406e+00,-1.156985998153686523e+00
2.031705617904663086e+00,-3.373121023178100586e+00
1.974948763847351074e+00,-4.256068229675292969e+00
4.869220256805419922e+00,-4.413697242736816406e+00
2.516723632812500000e+00,9.951461791992187500e+00
4.609700202941894531e+00,-2.629967033863067627e-01
1.114424133300781250e+01,9.629281759262084961e-01
1.257569026947021484e+01,8.423206329345703125e+00
4.531830787658691406e+00,2.837442636489868164e+00
3.601971149444580078e+00,-2.886764526367187500e+00
4.386537075042724609e+00,-1.537759542465209961e+00
5.023696899414062500e+00,-1.452917218208312988e+00
5.583905220031738281e+00,1.961658746004104614e-01
1.995285391807556152e+00,4.023748397827148438e+00
5.792158126831054688e+00,1.581174015998840332e+00
2.726559162139892578e+00,-6.689717173576354980e-01
6.041294574737548828e+00,-3.765736818313598633e+00
8.371033668518066406e+00,-3.641791820526123047e+00
4.181033134460449219e+00,-3.929173946380615234e+00
2.827109098434448242e+00,-3.478453874588012695e+00
5.427078723907470703e+00,-3.145256519317626953e+00
2.334557056427001953e+00,7.057421207427978516e+00
1.672985553741455078e+00,1.601111292839050293e+00
6.391584873199462891e+00,9.392986297607421875e+00
1.329376506805419922e+01,9.798469543457031250e-01
1.313563060760498047e+01,-2.450102567672729492e+00
4.437183856964111328e+00,-2.384658813476562500e+00
5.959143638610839844e+00,9.872767448425292969e+00
6.948374748229980469e+00,5.519649028778076172e+00
1.409191513061523438e+01,-4.732223987579345703e+00
5.276915550231933594e+00,-5.628519058227539062e+00
7.457293033599853516e+00,-7.239858627319335938e+00
5.646533966064453125e+00,-7.182945728302001953e+00
6.700550079345703125e+00,-4.739626124501228333e-02
1.365027904510498047e+00,1.635800957679748535e+00
1.882292151451110840e+00,8.526607513427734375e+00
4.175509452819824219e+00,2.792985439300537109e+00
4.926218986511230469e+00,1.005028724670410156e+01
5.366101264953613281e+00,-5.826251506805419922e+00
7.354238033294677734e+00,6.044739246368408203e+00
4.686885833740234375e+00,-5.332848072052001953e+00
3.463164091110229492e+00,5.499122142791748047e-01
6.913138389587402344e+00,-2.047191143035888672e+00
1.442878603935241699e+00,6.092889785766601562e+00
4.111025810241699219e+00,2.450353860855102539e+00
1.275174617767333984e+00,-1.626256823539733887e+00
4.444937229156494141e+00,-2.873220682144165039e+00
7.736790180206298828e+00,-6.942276477813720703e+00
2.966459512710571289e+00,5.755955696105957031e+00
2.421549558639526367e+00,3.026835441589355469e+00
6.006700515747070312e+00,-4.498612403869628906e+00
3.887369155883789062e+00,2.169708490371704102e+00
4.898760795593261719e+00,-1.049685001373291016e+00
4.430271625518798828e+00,4.541294097900390625e+00
5.062265872955322266e+00,8.350325584411621094e+00
4.282187521457672119e-01,-5.662780404090881348e-01
9.438858032226562500e+00,6.087649822235107422e+00
2.674695730209350586e+00,-5.683475971221923828e+00
4.791246891021728516e+00,-5.885270237922668457e-01
2.577864825725555420e-01,1.970126330852508545e-01
5.653378963470458984e+00,-1.006483316421508789e+00
-8.451732397079467773e-01,7.283914089202880859e+00
4.858714103698730469e+00,-5.915154933929443359e+00
2.102066278457641602e+00,3.062599658966064453e+00
2.774614810943603516e+00,8.305844306945800781e+00
2.908993721008300781e+00,-2.703693151473999023e+00
3.451132535934448242e+00,-5.119767189025878906e+00
5.297149181365966797e+00,2.550760746002197266e+00
4.326406002044677734e+00,5.334670066833496094e+00
1.883103132247924805e+00,8.498950958251953125e+00
6.777358531951904297e+00,-6.597491741180419922e+00
1.110098361968994141e+00,5.744176864624023438e+00
6.902819633483886719e+00,-6.271738052368164062e+00
8.502613067626953125e+00,-3.962283611297607422e+00
3.615176677703857422e+00,1.754926919937133789e+00
3.885234355926513672e+00,-4.543455123901367188e+00
-4.748875796794891357e-01,1.003316044807434082e+00
2.180487871170043945e+00,2.241272926330566406e+00
5.290838241577148438e+00,-1.815749883651733398e+00
6.695928573608398438e+00,6.871685028076171875e+00
4.002799510955810547e+00,-4.013704776763916016e+00
1.883913278579711914e-01,5.853251457214355469e+00
2.600018024444580078e+00,6.345533370971679688e+00
1.747619032859802246e+00,-3.720921039581298828e+00
8.461071014404296875e+00,-2.156196355819702148e+00
2.168425619602203369e-01,2.727034807205200195e+00
2.962355375289916992e+00,2.736364603042602539e+00
5.635987281799316406e+00,-9.741052389144897461e-01
5.964915275573730469e+00,1.310351467132568359e+01
5.304959774017333984e+00,-6.455430030822753906e+00
2.229539155960083008e+00,-2.015393733978271484e+00
4.386795520782470703e+00,-1.994721293449401855e+00
8.687549591064453125e+00,-2.908535242080688477e+00
8.811252593994140625e+00,-7.200311183929443359e+00
3.272389650344848633e+00,-5.782465934753417969e-01
5.595089435577392578e+00,-1.729844331741333008e+00
2.425091981887817383e+00,-2.583477735519409180e+00
1.354337692260742188e+00,-2.973332405090332031e+00
3.689942598342895508e+00,-4.210203170776367188e+00
7.215068340301513672e+00,6.612598896026611328e-01
7.681613564491271973e-01,-1.738716363906860352e+00
1.564245581626892090e+00,-3.233283519744873047e+00
2.802362918853759766e+00,-3.398836135864257812e+00
5.521001338958740234e+00,-1.009257793426513672e+00
4.383379936218261719e+00,-5.190393924713134766e+00
2.779386043548583984e+00,-1.543273806571960449e+00
2.931108236312866211e+00,-2.036112785339355469e+00
7.331355094909667969e+00,1.544023513793945312e+01
3.667646884918212891e+00,6.602394580841064453e+00
9.579399824142456055e-01,6.957331180572509766e+00
4.626212120056152344e+00,-6.985522806644439697e-02
6.567176342010498047e+00,-3.576181411743164062e+00
2.091182231903076172e+00,3.358175039291381836e+00
5.491038799285888672e+00,-1.745526909828186035e+00
6.507749080657958984e+00,5.127625942230224609e+00
1.197954559326171875e+01,2.046801328659057617e+00
6.626013755798339844e+00,6.502864956855773926e-01
6.497663497924804688e+00,-1.213108077645301819e-01
1.033185386657714844e+01,4.971255302429199219e+00
7.790367305278778076e-02,6.414467692375183105e-01
-1.131596684455871582e+00,3.028665482997894287e-01
2.316602468490600586e+00,-2.729847192764282227e+00
1.154584121704101562e+01,7.941695213317871094e+00
1.880974650382995605e+00,-3.246827363967895508e+00
5.616590023040771484e+00,-8.951834440231323242e-01
-3.300269842147827148e-01,6.792951583862304688e+00
4.856995105743408203e+00,-5.998456478118896484e+00
1.374528026580810547e+01,4.271199226379394531e+00
5.119708061218261719e+00,-3.374602794647216797e+00
2.795239210128784180e+00,-2.772527694702148438e+00
5.651281356811523438e+00,-2.099306344985961914e+00
8.950918912887573242e-01,7.266499042510986328e+00
9.260105133056640625e+00,-1.628021597862243652e+00
3.637975692749023438e+00,-2.956475257873535156e+00
2.975445985794067383e+00,-3.270072937011718750e+00
1.950639247894287109e+00,9.205273628234863281e+00
5.473865509033203125e+00,3.248451650142669678e-01
4.516955852508544922e+00,1.962284594774246216e-01
6.245986461639404297e+00,-5.169371604919433594e+00
5.775581359863281250e+00,6.995099067687988281e+00
4.263567924499511719e+00,3.296129226684570312e+00
4.389782428741455078e+00,1.683019161224365234e+00
1.140881252288818359e+01,-1.063777327537536621e+00
5.420563697814941406e+00,-4.686882019042968750e+00
6.585773468017578125e+00,-1.691618442535400391e+00
2.499855041503906250e+00,6.772044658660888672e+00
1.725134611129760742e+00,4.092998981475830078e+00
9.964789390563964844e+00,7.245127201080322266e+00
8.719521522521972656e+00,-6.656073331832885742e-01
1.260261821746826172e+01,4.050850868225097656e+00
8.917535781860351562e+00,-1.315962076187133789e+00
5.767756938934326172e+00,-5.520000934600830078e+00
3.974729776382446289e+00,3.472690284252166748e-01
6.293265223503112793e-01,4.134855270385742188e+00
3.772100687026977539e+00,6.095623970031738281e+00
5.365730762481689453e+00,-2.064314842224121094e+00
2.665029048919677734e+00,1.871558785438537598e+00
5.188797950744628906e+00,1.076124683022499084e-01
3.683760881423950195e+00,-4.141545772552490234e+00
2.764458417892456055e+00,4.154779434204101562e+00
5.030243873596191406e+00,3.392212390899658203e+00
1.082328891754150391e+01,-6.197032332420349121e-01
1.889402270317077637e+00,-1.940614819526672363e+00
5.362836360931396484e+00,-6.569328308105468750e+00
4.596737384796142578e+00,4.826216220855712891e+00
4.686194896697998047e+00,8.128653526306152344e+00
4.115421295166015625e+00,9.650283813476562500e+00
2.693281650543212891e+00,1.235090017318725586e+00
2.950817108154296875e+00,-5.536661744117736816e-01
1.969931006431579590e+00,-2.698282718658447266e+00
1.844333648681640625e+00,5.788653373718261719e+00
3.621438980102539062e+00,5.673150062561035156e+00
4.725508213043212891e+00,2.470237970352172852e+00
5.352018833160400391e+00,1.451382541656494141e+01
1.638677000999450684e+00,3.539050817489624023e+00
2.319762468338012695e+00,8.473805427551269531e+00
5.574695587158203125e+00,-3.136895656585693359e+00
1.047103500366210938e+01,-6.521742343902587891e+00
1.742213368415832520e+00,-4.386616706848144531e+00
1.288607978820800781e+01,-9.908920526504516602e-02
-3.120475411415100098e-01,3.500586986541748047e+00
7.059461593627929688e+00,-2.631664991378784180e+00
6.522382736206054688e+00,6.637411117553710938e+00
-4.763526320457458496e-01,-6.121488809585571289e-01
8.230527877807617188e+00,5.360929965972900391e+00
8.153972625732421875e+00,-2.766804456710815430e+00
3.507581472396850586e+00,-3.679919242858886719e+00
9.084221839904785156e+00,-2.003093957901000977e+00
4.567525386810302734e+00,-2.949659585952758789e+00
2.290148496627807617e+00,3.783100605010986328e+00
7.617259025573730469e+00,1.294266891479492188e+01
1.395143795013427734e+01,3.990791797637939453e+00
2.226348638534545898e+00,-1.996449708938598633e+00
9.764373779296875000e+00,1.975919961929321289e+00
9.119614601135253906e+00,-7.416958212852478027e-01
5.835031032562255859e+00,1.394382238388061523e+00
3.814153671264648438e+00,-3.854978799819946289e+00
2.046303033828735352e+00,6.849015712738037109e+00
2.685963153839111328e+00,-2.678410291671752930e+00
1.173779129981994629e+00,-7.302354276180267334e-02
8.315819740295410156e+00,4.288769245147705078e+00
7.915333747863769531e+00,5.354262351989746094e+00
2.170096397399902344e+00,7.385278224945068359e+00
1.795129179954528809e+00,3.918181657791137695e+00
6.905170440673828125e+00,9.461493492126464844e+00
6.859868526458740234e+00,7.805039882659912109e-01
7.066192150115966797e+00,6.497541904449462891e+00
4.964654922485351562e+00,1.641252756118774414e+00
2.685191154479980469e+00,-1.726468205451965332e+00
5.793652534484863281e+00,-3.794269323348999023e+00
4.821246147155761719e+00,6.875030994415283203e+00
6.777892112731933594e+00,-5.716026782989501953e+00
5.397669792175292969e+00,-4.693520069122314453e+00
6.537896156311035156e+00,-4.908670902252197266e+00
8.972373008728027344e+00,-1.818135976791381836e+00
4.420922756195068359e+00,8.303318977355957031e+00
4.091391086578369141e+00,-1.855122923851013184e+00
4.602819979190826416e-01,-2.387333869934082031e+00
7.303587913513183594e+00,2.753441810607910156e+00
1.355447578430175781e+01,-1.297670602798461914e+00
4.766757011413574219e+00,3.383960008621215820e+00
1.305568599700927734e+01,-5.440624356269836426e-01
7.325226306915283203e+00,7.274657726287841797e+00
5.622094154357910156e+00,-3.120293378829956055e+00
2.614803075790405273e+00,-3.369602441787719727e+00
5.277177333831787109e+00,-4.545928955078125000e+00
1.089447021484375000e+01,9.937496185302734375e+00
3.934198141098022461e+00,-2.044719457626342773e+00
2.509527683258056641e+00,-1.215532422065734863e+00
5.593667984008789062e+00,1.679815530776977539e+00
4.689568042755126953e+00,-3.873975753784179688e+00
6.166353702545166016e+00,1.947409152984619141e+00
1.378523349761962891e+01,6.773493885993957520e-01
3.249887466430664062e+00,5.568872690200805664e-01
6.050512790679931641e+00,-1.665967226028442383e+00
1.006294441223144531e+01,-7.743510603904724121e-01
7.873186588287353516e+00,1.659171700477600098e+00
1.185753440856933594e+01,-3.951903104782104492e+00
1.418680191040039062e+01,-7.252640128135681152e-01
2.548727273941040039e+00,-3.462460756301879883e+00
3.546241521835327148e+00,-1.878285288810729980e+00
1.278043842315673828e+01,-1.366699099540710449e+00
2.738023996353149414e+00,8.952072143554687500e+00
3.601121425628662109e+00,-4.796064376831054688e+00
7.996593475341796875e+00,-3.909643888473510742e+00
3.818213462829589844e+00,7.685154438018798828e+00
2.820088624954223633e+00,1.034598922729492188e+01
1.434633612632751465e+00,1.727835983037948608e-01
4.877264022827148438e+00,2.882891297340393066e-01
3.946517229080200195e+00,-7.299671769142150879e-01
-1.641454696655273438e+00,4.815909385681152344e+00
5.890501976013183594e+00,1.157292747497558594e+01
8.761915206909179688e+00,-6.771953582763671875e+00
3.485773086547851562e+00,-4.911370754241943359e+00
1.657209873199462891e+00,-1.600485644303262234e-03
8.285015106201171875e+00,-1.605951428413391113e+00
4.387742519378662109e+00,4.064705371856689453e+00
5.509876728057861328e+00,7.784723281860351562e+00
4.194219112396240234e+00,-3.452243566513061523e+00
1.935278534889221191e+00,6.502805709838867188e+00
5.324876785278320312e+00,1.402566051483154297e+01
3.953076601028442383e-01,8.111029624938964844e+00
5.743973731994628906e+00,1.642420142889022827e-01
9.143958091735839844e+00,-6.040750026702880859e+00
9.938378334045410156e+00,6.896730899810791016e+00
7.195572376251220703e+00,3.262947559356689453e+00
-1.041111230850219727e+00,2.556030988693237305e+00
2.458711862564086914e+00,-2.911249637603759766e+00
1.671949982643127441e+00,9.220146179199218750e+00
8.237283825874328613e-01,-8.308367729187011719e-01
8.739569664001464844e+00,-6.794109344482421875e+00
-1.058585524559020996e+00,1.924092650413513184e+00
8.716719627380371094e+00,-4.054544270038604736e-01
4.945840835571289062e+00,5.604755401611328125e+00
2.166101694107055664e+00,-8.461757302284240723e-01
6.807790279388427734e+00,-1.665633559226989746e+00
4.160096168518066406e+00,-1.041643381118774414e+00
6.336337566375732422e+00,1.297684860229492188e+01
3.314226865768432617e+00,4.751487731933593750e+00
1.956562101840972900e-01,1.061458349227905273e+00
1.586956977844238281e+00,-4.154298901557922363e-01
3.300778150558471680e+00,8.883641242980957031e+00
5.638117790222167969e-01,-8.473424315452575684e-01
3.263955831527709961e+00,-3.325016498565673828e+00
-1.113169550895690918e+00,-3.164047718048095703e+00
1.713566780090332031e+00,2.240937232971191406e+00
5.919847965240478516e+00,-4.130269527435302734e+00
6.260920047760009766e+00,-2.114714145660400391e+00
4.201241016387939453e+00,4.334591388702392578e+00
5.214399337768554688e+00,2.087120771408081055e+00
1.444461941719055176e+00,8.772468566894531250e+00
6.225338935852050781e+00,2.932612895965576172e+00
1.405160427093505859e+00,2.754286527633666992e+00
7.306282997131347656e+00,-2.552522182464599609e+00
7.826329231262207031e+00,5.693253993988037109e+00
3.754148483276367188e+00,8.304320573806762695e-01
6.716726303100585938e+00,1.499464392662048340e+00
-1.750642895698547363e+00,1.308155536651611328e+00
4.883307456970214844e+00,1.004779815673828125e+01
3.742707967758178711e-01,2.980040550231933594e+00
4.739743709564208984e+00,-1.431581825017929077e-01
2.341625690460205078e+00,-3.037703037261962891e-01
1.896683931350708008e+00,5.010205134749412537e-02
1.891363263130187988e+00,8.882890939712524414e-01
7.007000923156738281e+00,1.955603480339050293e+00
4.128090858459472656e+00,-4.511814594268798828e+00
2.510510444641113281e+00,4.845926284790039062e+00
9.599814414978027344e+00,-8.677736520767211914e-01
2.028438329696655273e+00,-3.479412496089935303e-01
9.281376838684082031e+00,-3.884588241577148438e+00
8.189166069030761719e+00,-5.342325568199157715e-01
-1.671425223350524902e+00,4.881797790527343750e+00
-1.765175819396972656e+00,5.247612953186035156e+00
3.982499122619628906e+00,-1.800891995429992676e+00
-1.956845283508300781e+00,5.510621547698974609e+00
-1.305068731307983398e+00,4.199491977691650391e+00
1.223508000373840332e+00,3.698326051235198975e-01
8.027073144912719727e-01,1.180271625518798828e+00
7.422087192535400391e+00,1.831390857696533203e+00
4.870341300964355469e+00,-1.707476139068603516e+00
1.156683921813964844e+01,4.969972744584083557e-02
2.396754026412963867e+00,4.181999206542968750e+00
3.901509761810302734e+00,5.917028710246086121e-02
3.964243888854980469e+00,-1.135366082191467285e+00
7.244638919830322266e+00,-7.255953311920166016e+00
1.965820312500000000e+00,-2.904541730880737305e+00
1.679081439971923828e+00,-2.019207954406738281e+00
4.410625994205474854e-01,1.316329121589660645e+00
-1.651829481124877930e+00,8.379156112670898438e+00
5.302232742309570312e+00,6.007502675056457520e-01
3.176368951797485352e+00,1.188021898269653320e+00
2.560077428817749023e+00,-2.628176927566528320e+00
3.062886953353881836e+00,-3.554683446884155273e+00
1.117622256278991699e-01,9.256426811218261719e+00
2.463340282440185547e+00,5.331119060516357422e+00
2.098034381866455078e+00,2.492259740829467773e+00
-1.468138694763183594e+00,7.374111175537109375e+00
2.271325349807739258e+00,3.746345937252044678e-01
3.170207738876342773e+00,-1.188808798789978027e+00
5.407500267028808594e+00,-5.994548320770263672e+00
2.155941009521484375e+00,-2.428287982940673828e+00
8.237235069274902344e+00,-6.809334278106689453e+00
-1.421255588531494141e+00,4.337065696716308594e+00
3.918653726577758789e+00,1.693968653678894043e+00
4.485949277877807617e-01,5.435150861740112305e-01
5.316402435302734375e+00,-2.238106250762939453e+00
2.816060304641723633e+00,7.760919094085693359e+00
6.991876602172851562e+00,5.362945556640625000e+00
4.693698883056640625e-01,7.370732426643371582e-01
4.584306716918945312e+00,8.274951934814453125e+00
3.584714889526367188e+00,9.839275360107421875e+00
3.055616855621337891e+00,-5.505381584167480469e+00
1.025067925453186035e+00,6.390478610992431641e+00
3.017291545867919922e+00,8.780447006225585938e+00
9.579837799072265625e+00,1.493656158447265625e+00
4.682175636291503906e+00,-5.285513401031494141e-01
1.287332653999328613e+00,-1.111756801605224609e+00
2.801415681838989258e+00,-2.480118751525878906e+00
8.624830245971679688e-01,4.978357791900634766e+00
2.553265333175659180e+00,3.083956956863403320e+00
1.775229930877685547e+00,1.196753978729248047e+00
5.029358386993408203e+00,-1.224984288215637207e+00
4.189404964447021484e+00,9.180659294128417969e+00
1.652020215988159180e+00,-1.170431256294250488e+00
3.084493160247802734e+00,-2.827459573745727539e+00
2.122118711471557617e+00,-2.531224727630615234e+00
4.900210857391357422e+00,-4.737023353576660156e+00
4.775486946105957031e+00,1.605809807777404785e+00
4.126440048217773438e+00,-3.818803548812866211e+00
8.750408172607421875e+00,-2.680273532867431641e+00
7.738111495971679688e+00,-2.605189800262451172e+00
-3.203232586383819580e-01,3.444446563720703125e+00
5.037118911743164062e+00,2.697209596633911133e+00
3.067919015884399414e+00,7.689067840576171875e+00
6.405731439590454102e-01,6.379717826843261719e+00
1.161272048950195312e+01,7.804026126861572266e+00
6.323884963989257812e+00,6.086150646209716797e+00
2.598356723785400391e+00,1.801608502864837646e-02
9.599814414978027344e+00,-8.677736520767211914e-01
6.101418495178222656e+00,-1.545536756515502930e+00
6.693749427795410156e+00,1.031968951225280762e+00
3.664747476577758789e+00,-3.989701986312866211e+00
4.286025524139404297e+00,1.170470905303955078e+01
7.815832138061523438e+00,2.406500339508056641e+00
3.291827440261840820e+00,-3.070736885070800781e+00
7.786374092102050781e+00,-4.659501075744628906e+00
-1.360446453094482422e+00,-4.381439983844757080e-01
3.226468324661254883e+00,-4.485818862915039062e+00
1.682292461395263672e+00,1.513207316398620605e+00
6.850644588470458984e+00,-1.217929840087890625e+00
7.999137878417968750e+00,5.924457907676696777e-01
1.648248791694641113e+00,2.217375278472900391e+00
6.965460300445556641e+00,4.796415328979492188e+00
1.865189790725708008e+00,9.267356991767883301e-01
1.658486485481262207e+00,8.515190124511718750e+00
8.632935523986816406e+00,2.609534263610839844e+00
4.353595256805419922e+00,6.963160514831542969e+00
2.163015604019165039e+00,-1.779172539710998535e+00
1.394214987754821777e+00,-1.306563138961791992e+00
5.707236289978027344e+00,1.044032573699951172e+01
2.859093666076660156e+00,-2.981195449829101562e+00
5.522855281829833984e+00,-7.703400611877441406e+00
8.865072250366210938e+00,-1.840531945228576660e+00
4.233924388885498047e+00,-4.137083053588867188e+00
2.058071613311767578e+00,-2.827153444290161133e+00
6.435195446014404297e+00,-4.154966354370117188e+00
2.088559865951538086e+00,-3.816461563110351562e+00
2.397686481475830078e+00,2.614005804061889648e+00
2.012451171875000000e+00,6.504541397094726562e+00
1.243738842010498047e+01,-2.359548568725585938e+00
1.157920646667480469e+01,-1.851820230484008789e+00
1.011595368385314941e+00,-1.771485567092895508e+00
7.582294940948486328e+00,-6.048222780227661133e-01
4.954083919525146484e+00,-2.319985866546630859e+00
2.453915834426879883e+00,-2.455791234970092773e+00
2.620683670043945312e+00,-2.600852727890014648e+00
1.472951412200927734e+00,-2.032844305038452148e+00
8.183241844177246094e+00,-7.462672233581542969e+00
4.714121818542480469e+00,7.462092041969299316e-01
2.713042736053466797e+00,6.230122089385986328e+00
8.798460006713867188e+00,-1.790117263793945312e+00
1.933942198753356934e+00,-5.503091812133789062e-01
8.415931701660156250e+00,-5.133099555969238281e+00
1.987005174160003662e-01,7.326018333435058594e+00
4.744128227233886719e+00,4.147255420684814453e+00
4.560161113739013672e+00,-9.598470926284790039e-01
4.172042369842529297e+00,-5.067094326019287109e+00
3.548701286315917969e+00,5.000151157379150391e+00
2.677124500274658203e+00,-3.737425804138183594e+00
2.855479478836059570e+00,-8.899111747741699219e-01
7.352653980255126953e+00,-1.841599941253662109e-01
4.722949504852294922e+00,8.438796997070312500e+00
4.598309993743896484e+00,-5.610815048217773438e+00
7.729395031929016113e-01,4.968782901763916016e+00
9.504348754882812500e+00,-7.749664187431335449e-01
5.012814998626708984e+00,-3.501207113265991211e+00
4.789942741394042969e+00,2.081557810306549072e-01
8.809787750244140625e+00,5.689585208892822266e+00
2.070153474807739258e+00,-1.758056521415710449e+00
7.624671459197998047e+00,-2.930680513381958008e+00
1.866547346115112305e+00,-2.435501575469970703e+00
3.892085552215576172e+00,-4.755220890045166016e+00
1.977476716041564941e+00,-2.569190263748168945e+00
4.154157638549804688e+00,6.090457916259765625e+00
9.915029406547546387e-01,-1.690434575080871582e+00
4.458027780055999756e-01,5.837362289428710938e+00
5.304525375366210938e+00,4.516459465026855469e+00
3.942654132843017578e+00,-1.660457134246826172e+00
4.387840628623962402e-01,4.456517845392227173e-02
5.422329902648925781e+00,-2.900014877319335938e+00
3.876777887344360352e+00,-3.389582633972167969e+00
-1.762758642435073853e-01,4.082164764404296875e+00
6.424571037292480469e+00,5.441426277160644531e+00
5.757766246795654297e+00,-6.355967998504638672e+00
2.568558692932128906e+00,8.169593811035156250e-01
1.150981235504150391e+01,3.813414335250854492e+00
4.455180644989013672e+00,-2.028991460800170898e+00
2.522282600402832031e+00,-4.426325321197509766e+00
1.797233700752258301e+00,1.618481397628784180e+00
4.709666252136230469e+00,4.053165435791015625e+00
1.886066079139709473e+00,-2.719079017639160156e+00
3.649939537048339844e+00,4.365682125091552734e+00
3.676834821701049805e+00,5.973473548889160156e+00
1.115181255340576172e+01,-4.540263712406158447e-01
7.207259654998779297e+00,3.229159355163574219e+00
1.294675707817077637e+00,5.993698835372924805e-01
3.290747880935668945e+00,2.907922983169555664e+00
7.148301601409912109e-01,-1.707476735115051270e+00
6.642316341400146484e+00,1.195490837097167969e+01
4.563980102539062500e+00,-3.825534105300903320e+00
3.925407886505126953e+00,3.218450546264648438e+00
8.352845191955566406e+00,1.360916644334793091e-01
1.200530242919921875e+01,-6.575674533843994141e+00
5.894679546356201172e+00,-5.604398250579833984e+00
9.490139961242675781e+00,1.410371184349060059e+00
6.886371374130249023e-01,1.399877309799194336e+00
2.078516483306884766e+00,-4.500304758548736572e-01
-5.271776914596557617e-01,1.874773383140563965e+00
5.369478225708007812e+00,-2.519079923629760742e+00
8.369373321533203125e+00,2.197413206100463867e+00
4.067940235137939453e+00,-3.231983423233032227e+00
2.840542554855346680e+00,-2.969808340072631836e+00
5.808091163635253906e+00,7.646568298339843750e+00
8.233668327331542969e+00,2.050116539001464844e+00
2.815288305282592773e+00,-2.841917753219604492e+00
5.567661762237548828e+00,7.637978553771972656e+00
4.752923011779785156e+00,8.300348281860351562e+00
4.078744888305664062e+00,2.701238155364990234e+00
1.150253868103027344e+01,-8.922268867492675781e+00
2.249724149703979492e+00,1.283215135335922241e-01
5.742941379547119141e+00,6.230494976043701172e+00
6.880766868591308594e+00,-1.751711606979370117e+00
5.111947536468505859e+00,-3.167401313781738281e+00
1.804950952529907227e+00,4.103615760803222656e+00
2.076902836561203003e-01,8.272175788879394531e+00
5.841884613037109375e+00,-4.293261051177978516e+00
2.052511453628540039e+00,3.972140312194824219e+00
1.051422882080078125e+01,-9.469433426856994629e-01
8.957247734069824219e+00,-7.485792636871337891e-01
2.768592596054077148e+00,4.939259529113769531e+00
8.074618339538574219e+00,-3.536076068878173828e+00
8.315622329711914062e+00,-1.910792589187622070e+00
8.828974723815917969e+00,1.672272300720214844e+01
-4.940626621246337891e-01,1.320841908454895020e+00
3.592757463455200195e+00,-2.120300292968750000e+00
1.074951839447021484e+01,-9.014792442321777344e+00
9.717457741498947144e-02,8.975275993347167969e+00
3.085413932800292969e+00,9.211633682250976562e+00
1.778389334678649902e+00,6.928891181945800781e+00
4.979245185852050781e+00,4.454280376434326172e+00
3.837059736251831055e+00,-2.883762419223785400e-01
5.486115932464599609e+00,-3.490744829177856445e-01
4.762723922729492188e+00,-5.069925785064697266e+00
4.214059829711914062e+00,9.052845001220703125e+00
1.834962487220764160e+00,-2.143170356750488281e+00
2.302548170089721680e+00,-3.590754747390747070e+00
5.128554344177246094e+00,-2.702419519424438477e+00
5.114879131317138672e+00,-5.310132980346679688e+00
1.207442665100097656e+01,-4.800275325775146484e+00
-1.003258228302001953e+01,5.009884238243103027e-01
-1.990879625082015991e-01,3.900649249553680420e-01
5.670722007751464844e+00,5.693268775939941406e+00
7.046756148338317871e-01,3.136199712753295898e+00
1.066111469268798828e+01,-2.693221330642700195e+00
1.468038916587829590e+00,2.882933139801025391e+00
7.922359943389892578e+00,1.826620578765869141e+00
3.045720100402832031e+00,4.393749713897705078e+00
1.600420475006103516e+00,-3.646176815032958984e+00
1.004476928710937500e+01,5.891841888427734375e+00
1.372695922851562500e+01,-2.036891698837280273e+00
3.199167966842651367e+00,-2.356764078140258789e+00
8.847398757934570312e+00,5.702390193939208984e+00
8.393610954284667969e+00,-3.293435811996459961e+00
2.371488571166992188e+00,5.143321514129638672e+00
5.100801944732666016e+00,-8.450857400894165039e-01
5.257953643798828125e+00,8.974811553955078125e+00
-9.343410730361938477e-01,1.781937122344970703e+00
8.276117324829101562e+00,5.921416759490966797e+00
3.784848153591156006e-01,5.079720497131347656e+00
1.572639703750610352e+00,-3.302863836288452148e-01
4.208292961120605469e+00,2.045926570892333984e+00
4.360552310943603516e+00,7.509832382202148438e-01
4.216596603393554688e+00,-2.724855661392211914e+00
6.137689590454101562e+00,2.184448242187500000e+00
2.340511083602905273e+00,-1.587650537490844727e+00
3.456781387329101562e+00,3.160808086395263672e+00
5.130123138427734375e+00,-5.003089904785156250e+00
8.260295391082763672e-01,6.501694679260253906e+00
3.735312223434448242e+00,-2.270468473434448242e+00
3.529781103134155273e+00,8.489602804183959961e-01
-4.986924119293689728e-03,7.913377285003662109e+00
7.346487998962402344e+00,3.236760616302490234e+00
3.439357995986938477e+00,-3.515187501907348633e+00
4.191227436065673828e+00,2.899387598037719727e+00
8.581362724304199219e+00,-2.540432929992675781e+00
6.562892913818359375e+00,-2.706184387207031250e+00
6.663056015968322754e-01,3.711795330047607422e+00
4.621629714965820312e-01,4.356881141662597656e+00
1.059074974060058594e+01,-1.994678527116775513e-01
2.457781791687011719e+00,4.567754745483398438e+00
2.509512193500995636e-02,9.496774673461914062e+00
7.159452915191650391e+00,-5.457989692687988281e+00
8.233984947204589844e+00,5.675310134887695312e+00
8.888926506042480469e+00,-1.052801251411437988e+00
2.848753452301025391e+00,6.428908348083496094e+00
2.886141061782836914e+00,5.651016712188720703e+00
1.314345455169677734e+01,2.188839197158813477e+00
